model_name,seed,step,lambda,lambda_se,eta,eta_se,d,consistency,keep_both_rate,trade_both_rate,hard_choice_yes_rate,target_agreement,parse_failure_rate,W_pseudo_utility,n,estimator_cond_proxy,clean_reduction
Qwen-7B-Base-Local,base,0,7.63679813,0.62698434,1.00702456,0.11979881,7.70290751228487,0.006572295247724975,0.993427704752275,0.0,0.003538928210313448,0.5032861476238625,0.0,0.7436,9890,1029.8099703979253,False
Qwen-7B-GRPO-qd-ckpt5000,exploratory,5000,0.22600387,0.019634,0.56584163,0.03601658,0.6093065726676792,0.5927199191102124,0.36046511627906974,0.046814964610717894,0.3538928210313448,0.7081900910010112,0.0,,9890,1024.2153363251964,True
Qwen-7B-GRPO-qd-ckpt8000,exploratory,8000,0.11099538,0.01421005,0.50408026,0.02913343,0.5161558707435303,0.6846309403437816,0.2610717896865521,0.05429726996966633,0.41385237613751263,0.7505055611729019,0.0,,9890,1728.0322388946663,True
Qwen-7B-GRPO-qd-ckpt10000,exploratory,10000,0.1308686,0.01345653,0.65000052,0.02865439,0.6630439400720214,0.7006066734074823,0.2660262891809909,0.033367037411526794,0.4089989888776542,0.7676946410515673,0.0,,9890,958.5298210735587,True
Qwen-7B-GRPO-qd-ckpt12000,exploratory,12000,0.43034764,0.01900894,0.71652039,0.03115729,0.8358232830804139,0.6417593528816987,0.34641051567239634,0.011830131445904954,0.3588473205257836,0.7658746208291203,0.0,,9890,1891.114443807146,False
Qwen-7B-GRPO-qd-ckpt15000,exploratory,15000,0.6726516,0.02271011,0.57628051,0.03203158,0.8857535781403427,0.6394337714863498,0.3540950455005056,0.006471183013144591,0.3509605662285136,0.7788675429726997,0.0,,9890,185.12335997587093,False
Qwen-7B-GRPO-qd-ckpt20000,exploratory,20000,-0.08262746,0.00786329,1.2634412,0.02729511,1.2661401829985064,0.7583417593528817,0.21900910010111224,0.02264914054600607,0.4332659251769464,0.8354903943377149,0.0,,9890,2.0575161623849782e+21,False
Qwen-7B-GRPO-qd-ckpt30000,exploratory,30000,0.59330876,0.01680413,0.8152474,0.02644188,1.0082874629288503,0.7233569261880688,0.2718907987866532,0.0047522750252780585,0.4069767441860465,0.8413549039433772,0.0,,9890,141.25905472636816,False
Qwen-7B,other,-1,11.75192315,1.2218812,1.51782354,0.08521474,11.849535266080439,0.009346733668341708,0.9906532663316583,0.0,0.004824120603015076,0.5045728643216081,0.0,,9950,3330.1221421720606,False
Qwen-7B-GRPO,other,-1,0.1765277,0.00502222,-0.04773904,0.02399583,0.18286892794406492,0.9069767441860465,0.07997977755308393,0.013043478260869565,0.44641051567239637,0.7250758341759352,0.0,,9890,173.44964314036477,False
Qwen-7B-GRPO-qd-seed1-ckpt2000,seed1,2000,0.03175071,0.01529175,0.09098552,0.03123809,0.09636634493003508,0.657633973710819,0.2069767441860465,0.13538928210313447,0.46764408493427706,0.7109201213346815,0.0,0.8832,9890,843.6131970578174,True
Qwen-7B-GRPO-qd-seed1-ckpt4000,seed1,4000,0.05025486,0.01645616,1.14314243,0.03418435,1.1442465495774607,0.5693629929221435,0.4025278058645096,0.028109201213346816,0.32325581395348835,0.7065217391304348,0.0,0.8849,9890,3049.7830582327088,False
Qwen-7B-GRPO-qd-seed1-ckpt6000,seed1,6000,0.08315229,0.01543495,0.98334883,0.03246047,0.9868582597286264,0.637613751263903,0.3332659251769464,0.029120323559150656,0.36329625884732053,0.7381193124368048,0.0,0.9034,9890,130512.25419744795,True
Qwen-7B-GRPO-qd-seed1-ckpt8000,seed1,8000,0.16292992,0.01714199,1.3397448,0.03268985,1.3496156074817178,0.5540950455005056,0.43437815975733063,0.011526794742163803,0.3161779575328615,0.7275025278058646,0.0,0.8995,9890,749.3087970052748,False
Qwen-7B-GRPO-qd-seed1-ckpt10000,seed1,10000,-0.10498766,0.00906414,0.91666693,0.02615335,0.922659563060992,0.7443882709807886,0.20748230535894843,0.04812942366026289,0.45409504550050556,0.7841253791708797,0.0,0.9294,9890,36437.87670399221,True
Qwen-7B-GRPO-qd-seed1-ckpt12000,seed1,12000,-0.05558673,0.00852336,0.76031616,0.02397598,0.7623454254530807,0.7731041456016178,0.18028311425682508,0.04661274014155713,0.4621840242669363,0.804752275025278,0.0,0.9401,9890,7390.64156916724,True
Qwen-7B-GRPO-qd-seed1-ckpt14000,seed1,14000,-0.03484524,0.00882441,0.96034803,0.02492469,0.9609799839099348,0.7538928210313448,0.2147623862487361,0.03134479271991911,0.4403437815975733,0.8063700707785642,0.0,0.941,9890,4911.997816874278,True
Qwen-7B-GRPO-qd-seed1-ckpt16000,seed1,16000,0.30768435,0.01527768,0.85257063,0.02773524,0.9063919341948711,0.6929221435793731,0.29514661274014153,0.01193124368048534,0.39514661274014157,0.7961071789686552,0.0,0.9365,9890,5533.95034488668,False
Qwen-7B-GRPO-qd-seed1-ckpt18000,seed1,18000,0.20738535,0.01207072,0.63388015,0.02473009,0.666942822105947,0.7597573306370071,0.21496461071789685,0.025278058645096056,0.4308392315470172,0.8186046511627907,0.0,0.9479,9890,169197136273988.12,True
Qwen-7B-GRPO-qd-seed1-ckpt20000,seed1,20000,0.18741158,0.01067514,0.59697018,0.02368358,0.62569680846823,0.7747219413549039,0.19706774519716885,0.0282103134479272,0.4382204246713852,0.8260869565217391,0.0,0.9507,9890,9346.251404001405,True
Qwen-7B-GRPO-qd-seed1-ckpt22000,seed1,22000,0.16594159,0.01067352,0.62124962,0.02383675,0.6430300938850937,0.7783619817997978,0.19271991911021233,0.02891809908998989,0.44327603640040447,0.8296258847320526,0.0,0.9531,9890,23399.570839185395,True
Qwen-7B-GRPO-qd-seed1-ckpt24000,seed1,24000,0.2001426,0.01117181,0.54279293,0.02416396,0.5785164001069848,0.785540950455005,0.18543983822042467,0.029019211324570273,0.44914054600606673,0.8327098078867543,0.0,0.9545,9890,8854.918275779184,True
Qwen-7B-GRPO-qd-seed1-ckpt26000,seed1,26000,0.21957647,0.01188862,0.64893156,0.02509348,0.6850737155530743,0.7680485338725986,0.20990899898887766,0.02204246713852376,0.4350859453993933,0.8292214357937311,0.0,0.9529,9890,346200.96773737087,True
Qwen-7B-GRPO-qd-seed1-ckpt28000,seed1,28000,0.03941361,0.00888192,0.7099579,0.02424974,0.7110510898842939,0.796056622851365,0.16996966632962587,0.0339737108190091,0.45985844287158745,0.8375631951466127,0.0,0.9561,9890,6764.800101407022,True
Qwen-7B-GRPO-qd-seed1-ckpt30000,seed1,30000,0.08956642,0.00992042,0.6627938,0.02448008,0.6688181852417414,0.7922143579373104,0.17522750252780586,0.03255813953488372,0.45621840242669365,0.8366531850353893,0.0,0.9555,9890,83185.11594350167,True
Qwen-7B-GRPO-qd-seed2-ckpt2000,seed2,2000,0.83959365,0.03597747,0.48515638,0.04622096,0.9696876869255517,0.39595551061678463,0.5937310414560162,0.01031344792719919,0.21900910010111224,0.6478260869565218,0.0,0.8495,9890,67.41918359875525,False
Qwen-7B-GRPO-qd-seed2-ckpt4000,seed2,4000,0.30890773,0.02144236,0.83224277,0.03726132,0.8877229375604901,0.5430738119312437,0.4375126390293225,0.01941354903943377,0.3044489383215369,0.6998483316481294,0.0,0.8801,9890,791.3629802589684,False
Qwen-7B-GRPO-qd-seed2-ckpt6000,seed2,6000,-0.04242123,0.01184691,0.65850618,0.02907882,0.6598711615557278,0.7109201213346815,0.22588473205257836,0.06319514661274014,0.43619817997977756,0.7545500505561172,0.0,0.9101,9890,4268.623370146063,True
Qwen-7B-GRPO-qd-seed2-ckpt8000,seed2,8000,-0.01917745,0.01122451,0.88688694,0.02764535,0.8870942559452553,0.703943377148635,0.2596562184024267,0.03640040444893832,0.4103134479271992,0.764711830131446,0.0,0.918,9890,1102.2136677514088,True
Qwen-7B-GRPO-qd-seed2-ckpt10000,seed2,10000,0.03122393,0.01111509,0.83418269,0.02682432,0.8347668501445664,0.7175935288169869,0.25237613751263904,0.030030333670374117,0.41617795753286146,0.7806370070778564,0.0,0.9269,9890,646.3733711048159,True
Qwen-7B-GRPO-qd-seed2-ckpt12000,seed2,12000,0.39738541,0.0179764,0.85817801,0.0306347,0.9457191236981667,0.6220424671385237,0.37037411526794745,0.007583417593528817,0.34438827098078867,0.7662285136501517,0.0,0.9211,9890,1261.8647305075876,False
Qwen-7B-GRPO-qd-seed2-ckpt14000,seed2,14000,-0.01508069,0.00952717,1.01925471,0.02649006,1.0193662693399563,0.7372093023255814,0.2358948432760364,0.026895854398382203,0.42406471183013145,0.8033872598584428,0.0,0.9403,9890,177470.25096397486,False
Qwen-7B-GRPO-qd-seed2-ckpt16000,seed2,16000,0.02922679,0.00926092,0.80363931,0.02463558,0.8041705949803065,0.7656218402426693,0.20606673407482307,0.028311425682507583,0.43306370070778566,0.8185035389282103,0.0,0.9479,9890,27247.26609141791,True
Qwen-7B-GRPO-qd-seed2-ckpt18000,seed2,18000,0.18775051,0.01191984,0.78026879,0.02682735,0.8025394935162532,0.7390293225480283,0.24317492416582406,0.017795753286147624,0.41708796764408496,0.8174418604651162,0.0,0.9467,9890,1611.6102195945946,False
Qwen-7B-GRPO-qd-seed2-ckpt20000,seed2,20000,-0.01848645,0.0078405,0.75528523,0.02462926,0.7555114343871676,0.8002022244691608,0.16491405460060668,0.03488372093023256,0.46107178968655205,0.8373104145601618,0.0,0.9559,9890,209018.2018870994,True
Qwen-7B-GRPO-qd-seed2-ckpt22000,seed2,22000,0.00091784,0.00806872,0.77219425,0.02440776,0.7721947954780115,0.7949443882709808,0.17320525783619817,0.03185035389282103,0.45338725985844286,0.8380182002022245,0.0,0.9566,9890,13282.726881720431,True
Qwen-7B-GRPO-qd-seed2-ckpt24000,seed2,24000,0.03515542,0.0085951,0.77460069,0.02504732,0.7753980477818168,0.7900910010111224,0.18129423660262892,0.028614762386248736,0.448938321536906,0.8385237613751264,0.0,0.9568,9890,5538.9975636166755,True
Qwen-7B-GRPO-qd-seed2-ckpt26000,seed2,26000,0.07467805,0.00955965,0.82248346,0.02548166,0.8258667284286092,0.7723963599595551,0.20495449949443884,0.02264914054600607,0.43488372093023253,0.8332153690596562,0.0,0.9552,9890,5.815499516644128e+19,True
Qwen-7B-GRPO-qd-seed2-ckpt28000,seed2,28000,0.0159873,0.00816601,0.79372284,0.02438602,0.7938838331260788,0.7931243680485339,0.1769464105156724,0.02992922143579373,0.4520728008088979,0.8394337714863499,0.0,0.9575,9890,9988.383923215355,True
Qwen-7B-GRPO-qd-seed2-ckpt30000,seed2,30000,4.175e-05,0.00777928,0.78326865,0.02408734,0.783268651112685,0.7976744186046512,0.16996966632962587,0.032355915065722954,0.4577350859453994,0.8415065722952477,0.0,0.9583,9890,12345.168704560476,True
