run_id,run_role,seed,step,lambda,lambda_se,eta,eta_se,d,consistency,keep_both,trade_both,W,n_cases,adapter_path,adapter_weight_sha256,nls_csv_sha256,dataset,estimator,status,d_recomputed
sft_full_seed1,full,1,2000,-0.23654004,0.01536263,-0.70123049,0.04002974,0.7400509378609298,0.5375126390293226,0.03174924165824065,0.43073811931243683,0.8603605127013614,9890,checkpoints/sft_qwen_delta_seed1/checkpoint-2000,b5e4adc28f00396de05cf79cc9fa56b083a22f9cce01279ecaf05ffe2b814394,2d422b1dd839e314b26cf0612774b61c8a3f1811c9f15f654dbaaebcc285ccfc,test_goods (VALIDATION),"Model A NLS, structural link scale T=1",VERIFIED,0.7400509378609298
sft_full_seed1,full,1,4000,-0.03373222,0.01239413,0.02726333,0.03119684,0.04337224721889909,0.7298281092012133,0.12204246713852376,0.14812942366026288,0.9044732541734241,9890,checkpoints/sft_qwen_delta_seed1/checkpoint-4000,004e731794537c2b51e7e0c3fd5fbcbeaf67f1c77d6141789059488878ab4670,a8cbe698989b1b35899fa27a6475cc28873539171f6823d57d456bffc2c0edd9,test_goods (VALIDATION),"Model A NLS, structural link scale T=1",VERIFIED,0.04337224721889909
sft_full_seed1,full,1,6000,0.27378832,0.01494619,-0.04287545,0.03145694,0.27712514931186755,0.7490394337714863,0.18220424671385238,0.06875631951466127,0.9208423281167021,9890,checkpoints/sft_qwen_delta_seed1/checkpoint-6000,096be360beee45abd4267d1507d55c12576479719396ce6749a8d3ca1d44524b,a3234d66f93d497dfc5c5faa5e0e74772ecc3a4cbd103409d5524e9778e89cbe,test_goods (VALIDATION),"Model A NLS, structural link scale T=1",VERIFIED,0.27712514931186755
sft_full_seed1,full,1,8000,0.36099887,0.01427531,-0.1371804,0.02971654,0.38618473077717214,0.7735085945399394,0.1756319514661274,0.05085945399393327,0.9338926948350335,9890,checkpoints/sft_qwen_delta_seed1/checkpoint-8000,fa61ed6a634bfe21a6f4a89368fe182d180988d76a53ec20430e72a878e75c77,e837dc4a80a0fb804d92b939e63afb43da1e221c1134817222d4839239daaa0a,test_goods (VALIDATION),"Model A NLS, structural link scale T=1",VERIFIED,0.38618473077717214
sft_full_seed1,full,1,10000,0.10203627,0.00936667,-0.54568471,0.02734463,0.5551425070405769,0.8196157735085945,0.05530839231547017,0.1250758341759353,0.9476965628384422,9890,checkpoints/sft_qwen_delta_seed1/checkpoint-10000,f7e48745955d9d14aa167f9a711a93868a10287274786de503f0fd55fb1b9e5e,af2266a216792a9a1c4488c21e8aa280406527db0be902d323fe165f59a8754d,test_goods (VALIDATION),"Model A NLS, structural link scale T=1",VERIFIED,0.5551425070405769
sft_full_seed1,full,1,12000,0.04222538,0.00858147,-0.71866455,0.02767148,0.719903964527802,0.8127401415571284,0.031648129423660264,0.15561172901921133,0.9546592725907288,9890,checkpoints/sft_qwen_delta_seed1/checkpoint-12000,1c14fc5ee9ec7388c1599cb3b82a048bae8c528f95db6ba3c452592fdbad19c0,1ebbdf1e2ad3869eef1777bb2ed052bd111eb1be81af368db41b8a035641293b,test_goods (VALIDATION),"Model A NLS, structural link scale T=1",VERIFIED,0.719903964527802
sft_full_seed1,full,1,14000,0.17222372,0.00948302,-0.45533549,0.02734182,0.4868176436656528,0.847623862487361,0.0698685540950455,0.08250758341759352,0.9620095888454042,9890,checkpoints/sft_qwen_delta_seed1/checkpoint-14000,8bb4aab9a5bcb8afae412ea282ec06e485699ef5251f818f3893527b0ddfefa0,f68711b077b22aeb4061d16bfe67991039dd73861f205cbd2ae3eae31aa640b5,test_goods (VALIDATION),"Model A NLS, structural link scale T=1",VERIFIED,0.48681764366565283
sft_full_seed1,full,1,16000,0.2321896,0.00956523,-0.48894685,0.02741407,0.5412772233089829,0.8531850353892821,0.07765419615773508,0.06916076845298282,0.9663612965182778,9890,checkpoints/sft_qwen_delta_seed1/checkpoint-16000,abc7761e84e1d5241f925a0d4f4106384143c2fbe83b4648800ad7bf74cdcd92,83c1905f78665a42405c747be5b2e56a8ecd71d73e52b5992c3bba5c64939855,test_goods (VALIDATION),"Model A NLS, structural link scale T=1",VERIFIED,0.5412772233089829
sft_full_seed1,full,1,18000,0.09305297,0.00795398,-0.67411367,0.02806309,0.6805057643449391,0.8478260869565217,0.03842264914054601,0.11375126390293225,0.9678976976923017,9890,checkpoints/sft_qwen_delta_seed1/checkpoint-18000,46e6a749c3d2234daa629105cda9d468d5e431ec6c1dc2b0805823051c10d160,dca7316df53a9168f2ad341e2f030ba40387d687b1fa0e928c20c6df1869498c,test_goods (VALIDATION),"Model A NLS, structural link scale T=1",VERIFIED,0.680505764344939
sft_full_seed1,full,1,20000,0.02573859,0.00731716,-0.57406289,0.02753577,0.5746396059186489,0.848938321536906,0.033063700707785644,0.11799797775530839,0.969514605767868,9890,checkpoints/sft_qwen_delta_seed1/checkpoint-20000,ea800f3e2d4cba674e217c182acdd3b87832b7eec3826f1e93b84b5736be5ca0,4295a94c2f66f8d4bad8a25ccd43d50667804fe3e26cc5d272d9321b29eee4ef,test_goods (VALIDATION),"Model A NLS, structural link scale T=1",VERIFIED,0.574639605918649
sft_full_seed1,full,1,22000,0.14180269,0.00819494,-0.62810367,0.02861223,0.643911657883832,0.8619817997977756,0.047623862487360974,0.09039433771486349,0.9718270707491903,9890,checkpoints/sft_qwen_delta_seed1/checkpoint-22000,d0a96a4835669e8b4d8ad078e28345f3d8b34393c244ee3db44f2d3a85f3e8c5,041bb9e6bbdae409f3edbe0b6cd977353133765e8f2f88cd0a7382d9a39f92b6,test_goods (VALIDATION),"Model A NLS, structural link scale T=1",VERIFIED,0.643911657883832
sft_full_seed1,full,1,24000,0.31442149,0.0094555,-0.59165971,0.02777267,0.6700164817458628,0.8639029322548029,0.08159757330637007,0.054499494438827095,0.9729996800055015,9890,checkpoints/sft_qwen_delta_seed1/checkpoint-24000,066cb6633ae0f38f4fb034be963b7bc595dfb37f476e4d95b39a47e74fcc0da9,25427ba1f8054962e02b34975ba67b84fea8b2f79e6b8e03c4cb43dd79eb41e4,test_goods (VALIDATION),"Model A NLS, structural link scale T=1",VERIFIED,0.6700164817458628
sft_full_seed1,full,1,26000,0.23265091,0.00866333,-0.58151791,0.02771046,0.6263302049036085,0.865520728008089,0.06713852376137512,0.0673407482305359,0.9730458865644853,9890,checkpoints/sft_qwen_delta_seed1/checkpoint-26000,b6bc2640c38342010000ca899082ea55f7ee1187d319d52b040a7f3285243fe1,df377b63432b08788545ae4cd4c37007b2f9e9205963fd5b6e0aa584f3d35d34,test_goods (VALIDATION),"Model A NLS, structural link scale T=1",VERIFIED,0.6263302049036085
sft_full_seed1,full,1,28000,0.21871082,0.00851288,-0.59664973,0.02774358,0.6354725195428559,0.865520728008089,0.06279069767441861,0.07168857431749241,0.9732001790802525,9890,checkpoints/sft_qwen_delta_seed1/checkpoint-28000,9a586dd5e8c6c2c151a27c0c6f2d2de887642880390bd5deb6cf8f37e2de86fa,da84db66cd5c0479053107289d8b45dc93cb462f04b9932eed53570912ee63d2,test_goods (VALIDATION),"Model A NLS, structural link scale T=1",VERIFIED,0.6354725195428558
sft_full_seed1,full,1,30000,0.20645586,0.0084445,-0.59603263,0.02788012,0.6307764407086368,0.8674418604651163,0.06056622851365015,0.07199191102123358,0.9733986492539954,9890,checkpoints/sft_qwen_delta_seed1/checkpoint-30000,9e30ab8bccb0dabd731465ba236a08704bc58710e90ec80bf4fb5d67469de7dc,48b0f1ed9355eb43199d62bd01629c9ccc17433e53e3c62d47da4ffcc5c22b46,test_goods (VALIDATION),"Model A NLS, structural link scale T=1",VERIFIED,0.6307764407086368
sft_full_seed2,full,2,2000,0.09847788,0.01701112,0.28014062,0.03505006,0.29694555026684405,0.653690596562184,0.24054600606673407,0.1057633973710819,0.8834503933899818,9890,checkpoints/sft_qwen_delta_seed2/checkpoint-2000,14bf6d88e1fa4bd266f5d3e45f3ef06c767c21ef256c19b50b00f94184a7529a,1a911598c41cdaa46be08d708efe3f27e0d815d69f818fbc14008ca0aaf0b377,test_goods (VALIDATION),"Model A NLS, structural link scale T=1",VERIFIED,0.29694555026684405
sft_full_seed2,full,2,4000,0.05404485,0.01395989,0.31248556,0.03208333,0.3171246931729475,0.7170879676440849,0.19575328614762386,0.0871587462082912,0.9014944937489597,9890,checkpoints/sft_qwen_delta_seed2/checkpoint-4000,785f6d71d4ab810d863303bb8a68b9c11553303b8e594590ff02270d9959a1cb,4c0decce996277257e28144799a110c0cad7ee5e040448726a747be2589d3a98,test_goods (VALIDATION),"Model A NLS, structural link scale T=1",VERIFIED,0.3171246931729475
sft_full_seed2,full,2,6000,-0.088531,0.01064003,-0.1428935,0.02998156,0.16809607462177695,0.7665318503538928,0.0679474216380182,0.16552072800808898,0.9174564666166017,9890,checkpoints/sft_qwen_delta_seed2/checkpoint-6000,7f35750ed51da9236863d3ad72650709045bd49f3fb169acc768c672c6c3d9ce,027a847e6c4e7d647d21e74f1ca39f35e1f64344c6dedf7e3260adf62f51008d,test_goods (VALIDATION),"Model A NLS, structural link scale T=1",VERIFIED,0.16809607462177695
sft_full_seed2,full,2,8000,-0.0611424,0.00968231,-0.35485026,0.02799196,0.36007929696086055,0.7905965621840243,0.04469160768452983,0.1647118301314459,0.9327866528912437,9890,checkpoints/sft_qwen_delta_seed2/checkpoint-8000,f373a33a2774e9d5d4dda6cad564ee6d8133991759169f9d9b9e53ca3e5ee65d,d168221065e2fe828f87f1a7d7e91846c87a414c81f9ac91082df808fad42f9c,test_goods (VALIDATION),"Model A NLS, structural link scale T=1",VERIFIED,0.36007929696086055
sft_full_seed2,full,2,10000,0.25128889,0.01111836,-0.31945431,0.02711431,0.40644453793230906,0.8228513650151669,0.10819009100101112,0.06895854398382205,0.9472862536379023,9890,checkpoints/sft_qwen_delta_seed2/checkpoint-10000,d0c8fa8f619382d7209acc36fa1e736f99e7209e822511aa8ed57cc79062c90c,502cf97efd793820db2496462f31ce6cdd322825db1228d0dcb8f86fa77dbf25,test_goods (VALIDATION),"Model A NLS, structural link scale T=1",VERIFIED,0.40644453793230906
sft_full_seed2,full,2,12000,0.2436289,0.01011818,-0.4710697,0.02708651,0.5303411196327322,0.8424671385237614,0.08281092012133467,0.07472194135490394,0.9564871840291773,9890,checkpoints/sft_qwen_delta_seed2/checkpoint-12000,de66bc063ef57dafd9fa4c9754f02241a67e7357d510425840b25045eadd747e,c65d8857d06ab7429ca9da01044471b55883bb459b78817484718f02b0fe52f8,test_goods (VALIDATION),"Model A NLS, structural link scale T=1",VERIFIED,0.5303411196327322
sft_full_seed2,full,2,14000,0.27897109,0.01056627,-0.31005241,0.02688326,0.4170819655686352,0.8424671385237614,0.10525783619817998,0.05227502527805865,0.9612635917192563,9890,checkpoints/sft_qwen_delta_seed2/checkpoint-14000,2c58352564c2c4ec11973122c9bc21765d8c11af21101f0d4e375d6a7cca5387,8587fbc0f5968ea48a3e1442a308a30f79fb524743d8c4ecff1a481a01a27f79,test_goods (VALIDATION),"Model A NLS, structural link scale T=1",VERIFIED,0.4170819655686352
sft_full_seed2,full,2,16000,0.21520524,0.00939401,-0.3769295,0.02670262,0.43403818183854237,0.8555106167846309,0.0839231547017189,0.06056622851365015,0.9669192428941034,9890,checkpoints/sft_qwen_delta_seed2/checkpoint-16000,0832e5e49b9cf15edcf7fdaae917d505e8d7908d563fa413d25b9e0c6fbc8117,34896020b7b18d6a32ff0d02f419b2f6c6eaa695e417ff9d34cecd83ddd0b9a2,test_goods (VALIDATION),"Model A NLS, structural link scale T=1",VERIFIED,0.43403818183854237
sft_full_seed2,full,2,18000,0.28823388,0.00999873,-0.37340195,0.02693788,0.4717073095084036,0.8600606673407483,0.09403437815975733,0.04590495449949444,0.9688034021918329,9890,checkpoints/sft_qwen_delta_seed2/checkpoint-18000,d3653fe2a1b702a3cbb4bc00fd565b1f9f096020b45a715a771905a2e4401f41,5e58a4e2214222616db8d11d33e96b1d815d6d7d8e070a185bfff1241468e7c7,test_goods (VALIDATION),"Model A NLS, structural link scale T=1",VERIFIED,0.4717073095084036
sft_full_seed2,full,2,20000,0.10895612,0.00740651,-0.43588388,0.02575178,0.449295218012955,0.8682507583417594,0.054196157735085945,0.0775530839231547,0.9720788662640739,9890,checkpoints/sft_qwen_delta_seed2/checkpoint-20000,e5d571a7df476c35845b2f8759d3ac0060efdcd15a08f7590a1c7b974f1435c9,30cbab32e6fc415c38c8cf60686eb00403a19605ee07d11a28320127982b01ff,test_goods (VALIDATION),"Model A NLS, structural link scale T=1",VERIFIED,0.449295218012955
sft_full_seed2,full,2,22000,0.151122,0.00766815,-0.44251276,0.02624106,0.4676060325175645,0.871587462082912,0.06117290192113246,0.0672396359959555,0.9729286419988177,9890,checkpoints/sft_qwen_delta_seed2/checkpoint-22000,a50931cea7723c0fefc5ef592be8554209f9dcb94fe2b5b2626985d6eb4e3e05,a3f4609a4e4d4f19c8e27aede576e99507d6c34bce92b003c34b4b6ac92dd626,test_goods (VALIDATION),"Model A NLS, structural link scale T=1",VERIFIED,0.4676060325175645
sft_full_seed2,full,2,24000,0.08935778,0.00687492,-0.51943827,0.02583272,0.527068239592485,0.867644084934277,0.04499494438827098,0.08736097067745197,0.9733383135399051,9890,checkpoints/sft_qwen_delta_seed2/checkpoint-24000,8a8f77dd0801f460acbe0aff93c8748c929ce245041f1fed22cc87c35c733ff6,022f2db777c02945c78e9b803c25b448b169460ec7631f6e133b12074f51b672,test_goods (VALIDATION),"Model A NLS, structural link scale T=1",VERIFIED,0.5270682395924852
sft_full_seed2,full,2,26000,0.17591451,0.00780368,-0.39081745,0.02595953,0.42858394049829096,0.8724974721941355,0.07027300303336703,0.05722952477249747,0.9736715180555214,9890,checkpoints/sft_qwen_delta_seed2/checkpoint-26000,db03ce97ebbe2ef16f2def4ca3a7bf6603efc93a2d4def97d44c8a9f07ed6f97,5f2687192a70d5604a8e4b5ad387f6ce97ae1e7aaa5ff780672e04b2d4d8c86d,test_goods (VALIDATION),"Model A NLS, structural link scale T=1",VERIFIED,0.42858394049829096
sft_full_seed2,full,2,28000,0.16729596,0.00772326,-0.38527947,0.02590691,0.4200335798907065,0.8746208291203236,0.06764408493427705,0.057735085945399396,0.9738771992407916,9890,checkpoints/sft_qwen_delta_seed2/checkpoint-28000,b0aa741c610bfef2b0ab9ef972fbddf2b0ee6f4c0e4d11f698865789bd3bda96,33a245e82c2bc9017a9e5bb2afc4cdce6881bb7a537aeb59c3dacb89d8061971,test_goods (VALIDATION),"Model A NLS, structural link scale T=1",VERIFIED,0.4200335798907065
sft_full_seed2,full,2,30000,0.1390927,0.00743405,-0.40629853,0.02596118,0.4294476390358327,0.8744186046511628,0.06137512639029322,0.06420626895854398,0.9740910575774834,9890,checkpoints/sft_qwen_delta_seed2/checkpoint-30000,1751388c55bac9cef91d69c3f76026c8c809377ef274da4acba27971879f79c3,432156adb7c0b606c66462dec43b09727a4c1d232f6b4f3c721e5df57b72afe4,test_goods (VALIDATION),"Model A NLS, structural link scale T=1",VERIFIED,0.4294476390358328
