run_id,run_role,seed,max_steps,step,epoch,loss,grad_norm,learning_rate
sft_pilot6k_seed1,pilot,1,6000,10,0.00010111223458038423,0.6636015892028808,0.011635859496891499,3e-08
sft_pilot6k_seed1,pilot,1,6000,20,0.00020222446916076846,0.7386164665222168,0.1157751977443695,6.333333333333333e-08
sft_pilot6k_seed1,pilot,1,6000,30,0.00030333670374115267,1.3030953407287598,24.88001251220703,9.666666666666666e-08
sft_pilot6k_seed1,pilot,1,6000,40,0.0004044489383215369,0.5652437210083008,0.09757985174655914,1.3e-07
sft_pilot6k_seed1,pilot,1,6000,50,0.0005055611729019212,0.9136473655700683,43.54343795776367,1.6333333333333331e-07
sft_pilot6k_seed1,pilot,1,6000,60,0.0006066734074823053,1.2800739288330079,24.188228607177734,1.9666666666666665e-07
sft_pilot6k_seed1,pilot,1,6000,70,0.0007077856420626896,1.731221580505371,28.68402671813965,2.3e-07
sft_pilot6k_seed1,pilot,1,6000,80,0.0008088978766430738,0.9305400848388672,0.009469442069530487,2.633333333333333e-07
sft_pilot6k_seed1,pilot,1,6000,90,0.000910010111223458,0.5465485572814941,0.007850321009755135,2.966666666666667e-07
sft_pilot6k_seed1,pilot,1,6000,100,0.0010111223458038423,1.414280319213867,25.10433578491211,3.3e-07
sft_pilot6k_seed1,pilot,1,6000,110,0.0011122345803842265,0.7042290687561035,30.935747146606445,3.6333333333333333e-07
sft_pilot6k_seed1,pilot,1,6000,120,0.0012133468149646107,0.615182638168335,0.017869945615530014,3.9666666666666665e-07
sft_pilot6k_seed1,pilot,1,6000,130,0.0013144590495449949,0.647584056854248,0.06236322596669197,4.2999999999999996e-07
sft_pilot6k_seed1,pilot,1,6000,140,0.0014155712841253793,1.1830866813659668,0.0261557474732399,4.633333333333333e-07
sft_pilot6k_seed1,pilot,1,6000,150,0.0015166835187057635,0.8581430435180664,23.94338607788086,4.966666666666666e-07
sft_pilot6k_seed1,pilot,1,6000,160,0.0016177957532861476,1.029702854156494,26.467256546020508,5.3e-07
sft_pilot6k_seed1,pilot,1,6000,170,0.0017189079878665318,0.8496123313903808,20.2689266204834,5.633333333333334e-07
sft_pilot6k_seed1,pilot,1,6000,180,0.001820020222446916,0.7349603652954102,22.77576446533203,5.966666666666666e-07
sft_pilot6k_seed1,pilot,1,6000,190,0.0019211324570273002,0.8823375701904297,0.015656230971217155,6.3e-07
sft_pilot6k_seed1,pilot,1,6000,200,0.0020222446916076846,1.2411606788635254,0.0032577014062553644,6.633333333333333e-07
sft_pilot6k_seed1,pilot,1,6000,210,0.002123356926188069,0.9524227142333984,0.04607444256544113,6.966666666666666e-07
sft_pilot6k_seed1,pilot,1,6000,220,0.002224469160768453,0.6671231746673584,29.3651180267334,7.3e-07
sft_pilot6k_seed1,pilot,1,6000,230,0.002325581395348837,0.8657731056213379,23.458829879760742,7.633333333333333e-07
sft_pilot6k_seed1,pilot,1,6000,240,0.0024266936299292214,0.7179718971252441,0.08001735806465149,7.966666666666666e-07
sft_pilot6k_seed1,pilot,1,6000,250,0.0025278058645096056,1.013101863861084,0.48241716623306274,8.299999999999999e-07
sft_pilot6k_seed1,pilot,1,6000,260,0.0026289180990899897,0.5642770290374756,20.944517135620117,8.633333333333333e-07
sft_pilot6k_seed1,pilot,1,6000,270,0.002730030333670374,0.4415043830871582,2.5072619915008545,8.966666666666666e-07
sft_pilot6k_seed1,pilot,1,6000,280,0.0028311425682507585,0.7890101909637451,0.21357277035713196,9.3e-07
sft_pilot6k_seed1,pilot,1,6000,290,0.0029322548028311427,0.6524294853210449,21.38160514831543,9.633333333333334e-07
sft_pilot6k_seed1,pilot,1,6000,300,0.003033367037411527,0.412168025970459,0.004138164687901735,9.966666666666667e-07
sft_pilot6k_seed1,pilot,1,6000,310,0.003134479271991911,0.4934852123260498,1.0977948904037476,9.999938485971278e-07
sft_pilot6k_seed1,pilot,1,6000,320,0.0032355915065722953,0.6381865501403808,16.663911819458008,9.99972584682756e-07
sft_pilot6k_seed1,pilot,1,6000,330,0.0033367037411526795,0.7022598266601563,18.639480590820312,9.999361329594253e-07
sft_pilot6k_seed1,pilot,1,6000,340,0.0034378159757330637,0.5267580986022949,38.22056579589844,9.998844945344403e-07
sft_pilot6k_seed1,pilot,1,6000,350,0.003538928210313448,0.4260432243347168,1.3575631380081177,9.99817670976436e-07
sft_pilot6k_seed1,pilot,1,6000,360,0.003640040444893832,0.527314567565918,25.132993698120117,9.997356643153302e-07
sft_pilot6k_seed1,pilot,1,6000,370,0.0037411526794742162,0.38632023334503174,9.942876815795898,9.996384770422628e-07
sft_pilot6k_seed1,pilot,1,6000,380,0.0038422649140546004,0.7186888694763184,0.14598505198955536,9.995261121095192e-07
sft_pilot6k_seed1,pilot,1,6000,390,0.003943377148634985,0.620710039138794,25.61646270751953,9.993985729304407e-07
sft_pilot6k_seed1,pilot,1,6000,400,0.004044489383215369,0.6195864200592041,15.466463088989258,9.99255863379321e-07
sft_pilot6k_seed1,pilot,1,6000,410,0.004145601617795753,0.5048605442047119,5.450601577758789,9.99097987791289e-07
sft_pilot6k_seed1,pilot,1,6000,420,0.004246713852376138,0.48349928855895996,0.4254106283187866,9.989249509621758e-07
sft_pilot6k_seed1,pilot,1,6000,430,0.004347826086956522,0.48862638473510744,1.4347009658813477,9.987367581483703e-07
sft_pilot6k_seed1,pilot,1,6000,440,0.004448938321536906,0.20057334899902343,0.015979213640093803,9.985334150666592e-07
sft_pilot6k_seed1,pilot,1,6000,450,0.00455005055611729,0.3068467378616333,20.82701873779297,9.983149278940525e-07
sft_pilot6k_seed1,pilot,1,6000,460,0.004651162790697674,0.13404061794281005,0.03391806408762932,9.980813032675973e-07
sft_pilot6k_seed1,pilot,1,6000,470,0.0047522750252780585,0.16823936700820924,15.643683433532715,9.978325482841752e-07
sft_pilot6k_seed1,pilot,1,6000,480,0.004853387259858443,0.7967409610748291,32.93830490112305,9.975686705002865e-07
sft_pilot6k_seed1,pilot,1,6000,490,0.004954499494438827,0.20863351821899415,0.02046249806880951,9.97289677931822e-07
sft_pilot6k_seed1,pilot,1,6000,500,0.005055611729019211,0.6182818412780762,29.60055923461914,9.969955790538174e-07
sft_pilot6k_seed1,pilot,1,6000,510,0.005156723963599595,0.31866600513458254,6.073397159576416,9.96686382800198e-07
sft_pilot6k_seed1,pilot,1,6000,520,0.0052578361981799795,0.5127752304077149,24.262863159179688,9.963620985635063e-07
sft_pilot6k_seed1,pilot,1,6000,530,0.005358948432760364,0.45524582862854,25.59071922302246,9.960227361946164e-07
sft_pilot6k_seed1,pilot,1,6000,540,0.005460060667340748,0.3410148620605469,27.297456741333008,9.956683060024349e-07
sft_pilot6k_seed1,pilot,1,6000,550,0.005561172901921132,0.2176673412322998,0.010978479869663715,9.952988187535885e-07
sft_pilot6k_seed1,pilot,1,6000,560,0.005662285136501517,0.5632865905761719,21.787364959716797,9.94914285672096e-07
sft_pilot6k_seed1,pilot,1,6000,570,0.005763397371081901,0.2783625364303589,14.139528274536133,9.945147184390278e-07
sft_pilot6k_seed1,pilot,1,6000,580,0.0058645096056622855,0.41405763626098635,23.688264846801758,9.941001291921512e-07
sft_pilot6k_seed1,pilot,1,6000,590,0.00596562184024267,0.41992850303649903,8.353919982910156,9.936705305255612e-07
sft_pilot6k_seed1,pilot,1,6000,600,0.006066734074823054,0.5482547283172607,0.1661539524793625,9.932259354892981e-07
sft_pilot6k_seed1,pilot,1,6000,610,0.006167846309403438,0.3694024562835693,39.604705810546875,9.92766357588952e-07
sft_pilot6k_seed1,pilot,1,6000,620,0.006268958543983822,0.2916815757751465,0.2729334235191345,9.922918107852503e-07
sft_pilot6k_seed1,pilot,1,6000,630,0.006370070778564206,0.7790747165679932,54.840755462646484,9.918023094936364e-07
sft_pilot6k_seed1,pilot,1,6000,640,0.006471183013144591,0.25429630279541016,21.797012329101562,9.912978685838294e-07
sft_pilot6k_seed1,pilot,1,6000,650,0.006572295247724975,0.5861002445220947,0.1244276687502861,9.90778503379374e-07
sft_pilot6k_seed1,pilot,1,6000,660,0.006673407482305359,0.4556004524230957,31.567955017089844,9.902442296571742e-07
sft_pilot6k_seed1,pilot,1,6000,670,0.006774519716885743,0.6190773010253906,1.0368047952651978,9.896950636470146e-07
sft_pilot6k_seed1,pilot,1,6000,680,0.006875631951466127,0.16406571865081787,20.029645919799805,9.891310220310665e-07
sft_pilot6k_seed1,pilot,1,6000,690,0.0069767441860465115,0.16104778051376342,4.400774955749512,9.885521219433823e-07
sft_pilot6k_seed1,pilot,1,6000,700,0.007077856420626896,0.5781055450439453,23.948122024536133,9.879583809693736e-07
sft_pilot6k_seed1,pilot,1,6000,710,0.00717896865520728,0.14922828674316407,4.0313568115234375,9.873498171452787e-07
sft_pilot6k_seed1,pilot,1,6000,720,0.007280080889787664,0.37838447093963623,11.644635200500488,9.867264489576135e-07
sft_pilot6k_seed1,pilot,1,6000,730,0.007381193124368048,0.559150505065918,57.912418365478516,9.860882953426098e-07
sft_pilot6k_seed1,pilot,1,6000,740,0.0074823053589484325,0.30733048915863037,44.40689468383789,9.854353756856412e-07
sft_pilot6k_seed1,pilot,1,6000,750,0.007583417593528817,0.31214113235473634,0.015151924453675747,9.84767709820633e-07
sft_pilot6k_seed1,pilot,1,6000,760,0.007684529828109201,0.13689873218536378,13.63122844696045,9.840853180294608e-07
sft_pilot6k_seed1,pilot,1,6000,770,0.007785642062689585,0.27265143394470215,3.428319215774536,9.833882210413332e-07
sft_pilot6k_seed1,pilot,1,6000,780,0.00788675429726997,0.1836252212524414,47.36013412475586,9.826764400321631e-07
sft_pilot6k_seed1,pilot,1,6000,790,0.007987866531850353,0.25017623901367186,11.509222030639648,9.819499966239242e-07
sft_pilot6k_seed1,pilot,1,6000,800,0.008088978766430738,0.20813117027282715,50.91064453125,9.812089128839938e-07
sft_pilot6k_seed1,pilot,1,6000,810,0.008190091001011122,0.2016294240951538,3.7091290950775146,9.804532113244828e-07
sft_pilot6k_seed1,pilot,1,6000,820,0.008291203235591507,0.38852388858795167,2.152495861053467,9.796829149015516e-07
sft_pilot6k_seed1,pilot,1,6000,830,0.00839231547017189,0.3898252010345459,0.019856734201312065,9.78898047014713e-07
sft_pilot6k_seed1,pilot,1,6000,840,0.008493427704752275,0.2370361566543579,2.6865553855895996,9.780986315061217e-07
sft_pilot6k_seed1,pilot,1,6000,850,0.008594539939332659,0.11595650911331176,0.6374900341033936,9.77284692659849e-07
sft_pilot6k_seed1,pilot,1,6000,860,0.008695652173913044,0.16173092126846314,8.156925201416016,9.764562552011459e-07
sft_pilot6k_seed1,pilot,1,6000,870,0.008796764408493427,0.08752912878990174,0.023287277668714523,9.756133442956922e-07
sft_pilot6k_seed1,pilot,1,6000,880,0.008897876643073812,0.8533029556274414,0.03702206537127495,9.747559855488313e-07
sft_pilot6k_seed1,pilot,1,6000,890,0.008998988877654197,0.19039514064788818,31.664026260375977,9.738842050047928e-07
sft_pilot6k_seed1,pilot,1,6000,900,0.00910010111223458,0.24405910968780517,0.2510856091976166,9.729980291459018e-07
sft_pilot6k_seed1,pilot,1,6000,910,0.009201213346814965,0.24664306640625,15.304839134216309,9.720974848917734e-07
sft_pilot6k_seed1,pilot,1,6000,920,0.009302325581395349,0.1446926474571228,2.2018239498138428,9.711825995984957e-07
sft_pilot6k_seed1,pilot,1,6000,930,0.009403437815975734,0.16802231073379517,14.147396087646484,9.702534010577989e-07
sft_pilot6k_seed1,pilot,1,6000,940,0.009504550050556117,0.6146161079406738,43.82292175292969,9.693099174962102e-07
sft_pilot6k_seed1,pilot,1,6000,950,0.009605662285136502,0.5030429840087891,59.74701690673828,9.683521775741975e-07
sft_pilot6k_seed1,pilot,1,6000,960,0.009706774519716885,0.2061070680618286,3.789548635482788,9.673802103852978e-07
sft_pilot6k_seed1,pilot,1,6000,970,0.00980788675429727,0.7034290313720704,58.195037841796875,9.663940454552341e-07
sft_pilot6k_seed1,pilot,1,6000,980,0.009908998988877654,0.8198974609375,85.10519409179688,9.653937127410178e-07
sft_pilot6k_seed1,pilot,1,6000,990,0.010010111223458039,0.6690972805023193,3.6613075733184814,9.6437924263004e-07
sft_pilot6k_seed1,pilot,1,6000,1000,0.010111223458038422,0.1165885090827942,0.27444714307785034,9.63350665939146e-07
sft_pilot6k_seed1,pilot,1,6000,1010,0.010212335692618807,0.24666223526000977,17.022382736206055,9.62308013913702e-07
sft_pilot6k_seed1,pilot,1,6000,1020,0.01031344792719919,0.22726168632507324,30.01642417907715,9.612513182266447e-07
sft_pilot6k_seed1,pilot,1,6000,1030,0.010414560161779576,0.2524055242538452,2.381981611251831,9.601806109775178e-07
sft_pilot6k_seed1,pilot,1,6000,1040,0.010515672396359959,0.4124616146087646,42.970916748046875,9.590959246914994e-07
sft_pilot6k_seed1,pilot,1,6000,1050,0.010616784630940344,0.31980290412902834,4.649036407470703,9.57997292318412e-07
sft_pilot6k_seed1,pilot,1,6000,1060,0.010717896865520727,0.31534671783447266,29.48870849609375,9.568847472317232e-07
sft_pilot6k_seed1,pilot,1,6000,1070,0.010819009100101112,0.4494306564331055,24.141077041625977,9.557583232275301e-07
sft_pilot6k_seed1,pilot,1,6000,1080,0.010920121334681496,0.27325470447540284,17.226722717285156,9.546180545235343e-07
sft_pilot6k_seed1,pilot,1,6000,1090,0.01102123356926188,0.595967960357666,60.60577392578125,9.534639757580012e-07
sft_pilot6k_seed1,pilot,1,6000,1100,0.011122345803842264,0.21958343982696532,22.527812957763672,9.522961219887091e-07
sft_pilot6k_seed1,pilot,1,6000,1110,0.01122345803842265,0.10472490787506103,25.710784912109375,9.511145286918827e-07
sft_pilot6k_seed1,pilot,1,6000,1120,0.011324570273003034,0.04233536720275879,27.497901916503906,9.499192317611167e-07
sft_pilot6k_seed1,pilot,1,6000,1130,0.011425682507583418,0.3268053293228149,0.00016124811372719705,9.48710267506285e-07
sft_pilot6k_seed1,pilot,1,6000,1140,0.011526794742163803,0.17925723791122436,0.03501538187265396,9.474876726524374e-07
sft_pilot6k_seed1,pilot,1,6000,1150,0.011627906976744186,0.6083409309387207,0.9109145998954773,9.462514843386844e-07
sft_pilot6k_seed1,pilot,1,6000,1160,0.011729019211324571,0.23453423976898194,0.022567007690668106,9.450017401170689e-07
sft_pilot6k_seed1,pilot,1,6000,1170,0.011830131445904954,0.327630352973938,65.97611999511719,9.437384779514255e-07
sft_pilot6k_seed1,pilot,1,6000,1180,0.01193124368048534,0.16003427505493165,0.06285136193037033,9.424617362162271e-07
sft_pilot6k_seed1,pilot,1,6000,1190,0.012032355915065723,0.1622498631477356,3.735571226570755e-05,9.411715536954195e-07
sft_pilot6k_seed1,pilot,1,6000,1200,0.012133468149646108,0.5064618587493896,9.077566146850586,9.398679695812429e-07
sft_pilot6k_seed1,pilot,1,6000,1210,0.012234580384226491,0.2793965578079224,0.0018737270729616284,9.385510234730414e-07
sft_pilot6k_seed1,pilot,1,6000,1220,0.012335692618806876,0.2190418243408203,81.83698272705078,9.372207553760603e-07
sft_pilot6k_seed1,pilot,1,6000,1230,0.01243680485338726,0.4438657760620117,0.09056470543146133,9.358772057002311e-07
sft_pilot6k_seed1,pilot,1,6000,1240,0.012537917087967644,0.21198523044586182,1.6205440759658813,9.345204152589428e-07
sft_pilot6k_seed1,pilot,1,6000,1250,0.012639029322548028,0.5782196521759033,84.55462646484375,9.331504252678035e-07
sft_pilot6k_seed1,pilot,1,6000,1260,0.012740141557128413,0.587930965423584,6.7683000564575195,9.317672773433876e-07
sft_pilot6k_seed1,pilot,1,6000,1270,0.012841253791708796,0.0975859820842743,6.121377944946289,9.303710135019717e-07
sft_pilot6k_seed1,pilot,1,6000,1280,0.012942366026289181,0.7117500305175781,76.4562759399414,9.289616761582586e-07
sft_pilot6k_seed1,pilot,1,6000,1290,0.013043478260869565,0.37187659740448,22.191396713256836,9.275393081240881e-07
sft_pilot6k_seed1,pilot,1,6000,1300,0.01314459049544995,0.6672116756439209,0.0054968190379440784,9.261039526071373e-07
sft_pilot6k_seed1,pilot,1,6000,1310,0.013245702730030333,0.521962308883667,58.80514907836914,9.246556532096077e-07
sft_pilot6k_seed1,pilot,1,6000,1320,0.013346814964610718,0.9540551185607911,73.13475799560547,9.231944539269007e-07
sft_pilot6k_seed1,pilot,1,6000,1330,0.013447927199191101,0.5353054523468017,113.84833526611328,9.217203991462814e-07
sft_pilot6k_seed1,pilot,1,6000,1340,0.013549039433771486,0.27126877307891845,2.0205307006835938,9.202335336455296e-07
sft_pilot6k_seed1,pilot,1,6000,1350,0.013650151668351871,0.5089710235595704,102.48930358886719,9.187339025915801e-07
sft_pilot6k_seed1,pilot,1,6000,1360,0.013751263902932255,0.5549799919128418,0.0004363571642898023,9.172215515391509e-07
sft_pilot6k_seed1,pilot,1,6000,1370,0.01385237613751264,0.6478991031646728,0.12699586153030396,9.156965264293585e-07
sft_pilot6k_seed1,pilot,1,6000,1380,0.013953488372093023,0.9614238739013672,34.49787521362305,9.141588735883231e-07
sft_pilot6k_seed1,pilot,1,6000,1390,0.014054600606673408,0.6133565425872802,6.637038313783705e-05,9.126086397257611e-07
sft_pilot6k_seed1,pilot,1,6000,1400,0.014155712841253791,0.7351558208465576,0.08197809755802155,9.110458719335657e-07
sft_pilot6k_seed1,pilot,1,6000,1410,0.014256825075834176,0.27275683879852297,32.24656295776367,9.094706176843776e-07
sft_pilot6k_seed1,pilot,1,6000,1420,0.01435793731041456,0.17613250017166138,0.00038427356048487127,9.078829248301416e-07
sft_pilot6k_seed1,pilot,1,6000,1430,0.014459049544994945,0.24022295475006103,6.103877967689186e-05,9.062828416006538e-07
sft_pilot6k_seed1,pilot,1,6000,1440,0.014560161779575328,0.5388337135314941,6.501208305358887,9.046704166020959e-07
sft_pilot6k_seed1,pilot,1,6000,1450,0.014661274014155713,1.2372781753540039,85.9303207397461,9.030456988155595e-07
sft_pilot6k_seed1,pilot,1,6000,1460,0.014762386248736097,0.5942761421203613,72.71448516845703,9.014087375955572e-07
sft_pilot6k_seed1,pilot,1,6000,1470,0.014863498483316482,0.2116851329803467,0.5710071325302124,8.997595826685242e-07
sft_pilot6k_seed1,pilot,1,6000,1480,0.014964610717896865,0.16325277090072632,0.003905975492671132,8.980982841313074e-07
sft_pilot6k_seed1,pilot,1,6000,1490,0.01506572295247725,0.6908099174499511,0.002587351016700268,8.964248924496434e-07
sft_pilot6k_seed1,pilot,1,6000,1500,0.015166835187057633,0.3604480981826782,0.8516388535499573,8.947394584566257e-07
sft_pilot6k_seed1,pilot,1,6000,1510,0.015267947421638018,0.3029997110366821,0.022187545895576477,8.930420333511606e-07
sft_pilot6k_seed1,pilot,1,6000,1520,0.015369059656218402,0.41252889633178713,0.834377646446228,8.913326686964116e-07
sft_pilot6k_seed1,pilot,1,6000,1530,0.015470171890798787,0.4239786148071289,2.000253677368164,8.896114164182339e-07
sft_pilot6k_seed1,pilot,1,6000,1540,0.01557128412537917,0.28392012119293214,5.269647226668894e-05,8.878783288035957e-07
sft_pilot6k_seed1,pilot,1,6000,1550,0.015672396359959553,0.5825994491577149,0.00019015507132280618,8.861334584989908e-07
sft_pilot6k_seed1,pilot,1,6000,1560,0.01577350859453994,0.5522663593292236,0.03094753623008728,8.843768585088392e-07
sft_pilot6k_seed1,pilot,1,6000,1570,0.015874620829120323,0.5963351249694824,62.36690902709961,8.826085821938769e-07
sft_pilot6k_seed1,pilot,1,6000,1580,0.015975733063700707,0.07846934795379638,5.3084688261151314e-05,8.808286832695349e-07
sft_pilot6k_seed1,pilot,1,6000,1590,0.016076845298281094,0.175570809841156,0.022954892367124557,8.790372158043073e-07
sft_pilot6k_seed1,pilot,1,6000,1600,0.016177957532861477,0.4765910625457764,0.001366866985335946,8.772342342181094e-07
sft_pilot6k_seed1,pilot,1,6000,1610,0.01627906976744186,0.019555968046188355,35.35953903198242,8.75419793280624e-07
sft_pilot6k_seed1,pilot,1,6000,1620,0.016380182002022244,1.3580718040466309,0.20191890001296997,8.735939481096377e-07
sft_pilot6k_seed1,pilot,1,6000,1630,0.01648129423660263,1.0042203903198241,67.83011627197266,8.717567541693671e-07
sft_pilot6k_seed1,pilot,1,6000,1640,0.016582406471183014,0.8620668411254883,6.885412585688755e-05,8.699082672687733e-07
sft_pilot6k_seed1,pilot,1,6000,1650,0.016683518705763397,0.36569414138793943,87.643310546875,8.680485435598672e-07
sft_pilot6k_seed1,pilot,1,6000,1660,0.01678463094034378,0.18144322633743287,38.38368606567383,8.661776395360028e-07
sft_pilot6k_seed1,pilot,1,6000,1670,0.016885743174924167,0.1358177900314331,3.489785740384832e-05,8.642956120301625e-07
sft_pilot6k_seed1,pilot,1,6000,1680,0.01698685540950455,0.2778357744216919,0.02110123448073864,8.624025182132291e-07
sft_pilot6k_seed1,pilot,1,6000,1690,0.017087967644084934,0.21530330181121826,0.012203166261315346,8.604984155922505e-07
sft_pilot6k_seed1,pilot,1,6000,1700,0.017189079878665317,0.17780811786651612,74.52836608886719,8.585833620086917e-07
sft_pilot6k_seed1,pilot,1,6000,1710,0.017290192113245704,0.23565568923950195,0.00023199971474241465,8.566574156366783e-07
sft_pilot6k_seed1,pilot,1,6000,1720,0.017391304347826087,0.38460698127746584,0.334749311208725,8.547206349812297e-07
sft_pilot6k_seed1,pilot,1,6000,1730,0.01749241658240647,0.22223820686340331,0.02354625053703785,8.527730788764804e-07
sft_pilot6k_seed1,pilot,1,6000,1740,0.017593528816986854,0.36632680892944336,0.1718006283044815,8.508148064838947e-07
sft_pilot6k_seed1,pilot,1,6000,1750,0.01769464105156724,0.18869962692260742,86.72332000732422,8.488458772904684e-07
sft_pilot6k_seed1,pilot,1,6000,1760,0.017795753286147624,0.4594625949859619,2.181811571121216,8.468663511069216e-07
sft_pilot6k_seed1,pilot,1,6000,1770,0.017896865520728007,0.5745505809783935,0.031687427312135696,8.448762880658824e-07
sft_pilot6k_seed1,pilot,1,6000,1780,0.017997977755308394,0.41928820610046386,18.15221405029297,8.428757486200603e-07
sft_pilot6k_seed1,pilot,1,6000,1790,0.018099089989888777,1.644156265258789,89.65928649902344,8.40864793540409e-07
sft_pilot6k_seed1,pilot,1,6000,1800,0.01820020222446916,0.5417682647705078,4.814137355424464e-05,8.388434839142813e-07
sft_pilot6k_seed1,pilot,1,6000,1810,0.018301314459049544,0.3126990556716919,0.3544866740703583,8.368118811435725e-07
sft_pilot6k_seed1,pilot,1,6000,1820,0.01840242669362993,0.2989284753799438,2.4199440479278564,8.347700469428563e-07
sft_pilot6k_seed1,pilot,1,6000,1830,0.018503538928210314,0.6609358787536621,66.09779357910156,8.327180433375091e-07
sft_pilot6k_seed1,pilot,1,6000,1840,0.018604651162790697,0.10773776769638062,4.673911094665527,8.306559326618259e-07
sft_pilot6k_seed1,pilot,1,6000,1850,0.01870576339737108,0.9698040962219239,0.0003157059836667031,8.285837775571276e-07
sft_pilot6k_seed1,pilot,1,6000,1860,0.018806875631951468,0.8646538734436036,88.71784210205078,8.265016409698573e-07
sft_pilot6k_seed1,pilot,1,6000,1870,0.01890798786653185,0.6532523155212402,65.22050476074219,8.244095861496685e-07
sft_pilot6k_seed1,pilot,1,6000,1880,0.019009100101112234,0.5141087055206299,0.35913100838661194,8.223076766475035e-07
sft_pilot6k_seed1,pilot,1,6000,1890,0.019110212335692617,0.38161635398864746,103.64207458496094,8.201959763136632e-07
sft_pilot6k_seed1,pilot,1,6000,1900,0.019211324570273004,0.17060500383377075,0.008837753906846046,8.180745492958674e-07
sft_pilot6k_seed1,pilot,1,6000,1910,0.019312436804853388,0.08142744898796081,0.016259003430604935,8.15943460037306e-07
sft_pilot6k_seed1,pilot,1,6000,1920,0.01941354903943377,0.09694172143936157,76.17280578613281,8.138027732746817e-07
sft_pilot6k_seed1,pilot,1,6000,1930,0.019514661274014154,0.5598201274871826,1.0499827861785889,8.116525540362433e-07
sft_pilot6k_seed1,pilot,1,6000,1940,0.01961577350859454,0.9247356414794922,105.36198425292969,8.0949286763981e-07
sft_pilot6k_seed1,pilot,1,6000,1950,0.019716885743174924,0.9414124488830566,37.07738494873047,8.073237796907881e-07
sft_pilot6k_seed1,pilot,1,6000,1960,0.019817997977755308,0.15257766246795654,0.0012289880542084575,8.051453560801771e-07
sft_pilot6k_seed1,pilot,1,6000,1970,0.01991911021233569,0.5164005279541015,5.968356708763167e-05,8.029576629825686e-07
sft_pilot6k_seed1,pilot,1,6000,1980,0.020020222446916078,0.42589287757873534,0.4312324821949005,8.007607668541361e-07
sft_pilot6k_seed1,pilot,1,6000,1990,0.02012133468149646,0.6676729679107666,0.00012298693764023483,7.985547344306161e-07
sft_pilot6k_seed1,pilot,1,6000,2000,0.020222446916076844,0.27504501342773435,0.06494902074337006,7.963396327252812e-07
sft_pilot6k_seed1,pilot,1,6000,2010,0.02032355915065723,0.31599695682525636,0.5190072655677795,7.941155290269037e-07
sft_pilot6k_seed1,pilot,1,6000,2020,0.020424671385237615,0.2545339584350586,34.475181579589844,7.918824908977122e-07
sft_pilot6k_seed1,pilot,1,6000,2030,0.020525783619817998,0.8528532981872559,9.40983954933472e-05,7.896405861713393e-07
sft_pilot6k_seed1,pilot,1,6000,2040,0.02062689585439838,0.5828696250915527,79.99469757080078,7.873898829507605e-07
sft_pilot6k_seed1,pilot,1,6000,2050,0.020728008088978768,0.7649126529693604,0.0015800361288711429,7.851304496062254e-07
sft_pilot6k_seed1,pilot,1,6000,2060,0.02082912032355915,0.2075728416442871,0.07363810390233994,7.828623547731816e-07
sft_pilot6k_seed1,pilot,1,6000,2070,0.020930232558139535,0.5760727405548096,0.006133143324404955,7.805856673501889e-07
sft_pilot6k_seed1,pilot,1,6000,2080,0.021031344792719918,0.9039663314819336,0.236332505941391,7.783004564968263e-07
sft_pilot6k_seed1,pilot,1,6000,2090,0.021132457027300305,0.025461268424987794,2.1945760250091553,7.76006791631592e-07
sft_pilot6k_seed1,pilot,1,6000,2100,0.021233569261880688,0.40282621383666994,0.028565775603055954,7.73704742429794e-07
sft_pilot6k_seed1,pilot,1,6000,2110,0.02133468149646107,0.050716763734817503,36.57268524169922,7.713943788214337e-07
sft_pilot6k_seed1,pilot,1,6000,2120,0.021435793731041455,0.8685686111450195,85.83074951171875,7.690757709890811e-07
sft_pilot6k_seed1,pilot,1,6000,2130,0.02153690596562184,0.9243836402893066,49.74479293823242,7.667489893657438e-07
sft_pilot6k_seed1,pilot,1,6000,2140,0.021638018200202225,0.31974177360534667,0.0026503577828407288,7.64414104632727e-07
sft_pilot6k_seed1,pilot,1,6000,2150,0.021739130434782608,0.3501013994216919,3.996962186647579e-05,7.620711877174864e-07
sft_pilot6k_seed1,pilot,1,6000,2160,0.02184024266936299,0.14735810756683348,0.4267328381538391,7.597203097914731e-07
sft_pilot6k_seed1,pilot,1,6000,2170,0.021941354903943378,0.21146140098571778,4.729409217834473,7.573615422679725e-07
sft_pilot6k_seed1,pilot,1,6000,2180,0.02204246713852376,0.4387664318084717,0.029341939836740494,7.549949567999344e-07
sft_pilot6k_seed1,pilot,1,6000,2190,0.022143579373104145,0.2476271629333496,6.745806604158133e-05,7.526206252777967e-07
sft_pilot6k_seed1,pilot,1,6000,2200,0.022244691607684528,1.0355643272399901,0.005534487310796976,7.502386198273009e-07
sft_pilot6k_seed1,pilot,1,6000,2210,0.022345803842264915,0.6291568756103516,68.75625610351562,7.478490128073021e-07
sft_pilot6k_seed1,pilot,1,6000,2220,0.0224469160768453,0.35773279666900637,0.3851945996284485,7.454518768075703e-07
sft_pilot6k_seed1,pilot,1,6000,2230,0.02254802831142568,0.42795367240905763,9.30573369259946e-05,7.430472846465855e-07
sft_pilot6k_seed1,pilot,1,6000,2240,0.02264914054600607,0.9953763008117675,74.39471435546875,7.406353093693252e-07
sft_pilot6k_seed1,pilot,1,6000,2250,0.02275025278058645,0.6634864330291748,67.86124420166016,7.382160242450468e-07
sft_pilot6k_seed1,pilot,1,6000,2260,0.022851365015166835,0.08423488140106201,59.14944839477539,7.357895027650598e-07
sft_pilot6k_seed1,pilot,1,6000,2270,0.02295247724974722,0.019313663244247437,0.00011089843610534444,7.333558186404957e-07
sft_pilot6k_seed1,pilot,1,6000,2280,0.023053589484327605,0.301906418800354,7.810376700945199e-05,7.309150458000667e-07
sft_pilot6k_seed1,pilot,1,6000,2290,0.02315470171890799,0.506695556640625,0.00011933090718230233,7.284672583878218e-07
sft_pilot6k_seed1,pilot,1,6000,2300,0.023255813953488372,0.8118766784667969,98.44248962402344,7.260125307608928e-07
sft_pilot6k_seed1,pilot,1,6000,2310,0.023356926188068755,1.1464289665222167,93.47071075439453,7.235509374872372e-07
sft_pilot6k_seed1,pilot,1,6000,2320,0.023458038422649142,0.6813288688659668,88.74645233154297,7.210825533433719e-07
sft_pilot6k_seed1,pilot,1,6000,2330,0.023559150657229525,0.5520511150360108,92.50082397460938,7.186074533121013e-07
sft_pilot6k_seed1,pilot,1,6000,2340,0.02366026289180991,0.4048769950866699,10.626988410949707,7.161257125802411e-07
sft_pilot6k_seed1,pilot,1,6000,2350,0.023761375126390292,0.4091337203979492,98.35520935058594,7.136374065363333e-07
sft_pilot6k_seed1,pilot,1,6000,2360,0.02386248736097068,0.7150790214538574,104.50428009033203,7.111426107683559e-07
sft_pilot6k_seed1,pilot,1,6000,2370,0.023963599595551062,0.5317317962646484,2.5091991424560547,7.086414010614275e-07
sft_pilot6k_seed1,pilot,1,6000,2380,0.024064711830131445,0.3175910711288452,0.7083709239959717,7.061338533955041e-07
sft_pilot6k_seed1,pilot,1,6000,2390,0.02416582406471183,0.395906925201416,0.0029929853044450283,7.036200439430725e-07
sft_pilot6k_seed1,pilot,1,6000,2400,0.024266936299292215,0.3309238195419312,0.11304917186498642,7.011000490668349e-07
sft_pilot6k_seed1,pilot,1,6000,2410,0.0243680485338726,0.08138455748558045,0.5078511238098145,6.985739453173902e-07
sft_pilot6k_seed1,pilot,1,6000,2420,0.024469160768452982,0.22569661140441893,0.4133656919002533,6.960418094309085e-07
sft_pilot6k_seed1,pilot,1,6000,2430,0.024570273003033365,0.49445409774780275,21.348941802978516,6.93503718326799e-07
sft_pilot6k_seed1,pilot,1,6000,2440,0.024671385237613752,0.2066122055053711,99.62599182128906,6.909597491053752e-07
sft_pilot6k_seed1,pilot,1,6000,2450,0.024772497472194135,0.8380974769592285,0.1620238870382309,6.884099790455112e-07
sft_pilot6k_seed1,pilot,1,6000,2460,0.02487360970677452,0.54705810546875,87.91209411621094,6.858544856022952e-07
sft_pilot6k_seed1,pilot,1,6000,2470,0.024974721941354906,0.44910340309143065,0.076735720038414,6.832933464046759e-07
sft_pilot6k_seed1,pilot,1,6000,2480,0.02507583417593529,0.10023943185806275,8.120459824567661e-05,6.807266392531051e-07
sft_pilot6k_seed1,pilot,1,6000,2490,0.025176946410515672,0.11212024688720704,102.55602264404297,6.781544421171732e-07
sft_pilot6k_seed1,pilot,1,6000,2500,0.025278058645096056,0.21148719787597656,49.128822326660156,6.755768331332423e-07
sft_pilot6k_seed1,pilot,1,6000,2510,0.025379170879676442,0.5482605934143067,4.438027381896973,6.729938906020713e-07
sft_pilot6k_seed1,pilot,1,6000,2520,0.025480283114256826,1.2340456008911134,20.370962142944336,6.704056929864375e-07
sft_pilot6k_seed1,pilot,1,6000,2530,0.02558139534883721,0.07107516527175903,0.7511633634567261,6.678123189087539e-07
sft_pilot6k_seed1,pilot,1,6000,2540,0.025682507583417592,1.6070619583129884,84.11685180664062,6.652138471486801e-07
sft_pilot6k_seed1,pilot,1,6000,2550,0.02578361981799798,0.32650136947631836,127.0313491821289,6.626103566407295e-07
sft_pilot6k_seed1,pilot,1,6000,2560,0.025884732052578362,0.33466229438781736,0.07276754081249237,6.600019264718713e-07
sft_pilot6k_seed1,pilot,1,6000,2570,0.025985844287158746,0.10963799953460693,55.12733459472656,6.573886358791284e-07
sft_pilot6k_seed1,pilot,1,6000,2580,0.02608695652173913,0.7044773101806641,5.1929917390225455e-05,6.547705642471703e-07
sft_pilot6k_seed1,pilot,1,6000,2590,0.026188068756319516,0.15717580318450927,6.808706283569336,6.521477911059008e-07
sft_pilot6k_seed1,pilot,1,6000,2600,0.0262891809908999,0.5413418769836426,0.0017932688351720572,6.495203961280433e-07
sft_pilot6k_seed1,pilot,1,6000,2610,0.026390293225480282,0.14561772346496582,0.1650237739086151,6.468884591267203e-07
sft_pilot6k_seed1,pilot,1,6000,2620,0.026491405460060666,0.6453124046325683,10.95988941192627,6.44252060053028e-07
sft_pilot6k_seed1,pilot,1,6000,2630,0.026592517694641053,0.3114358425140381,75.738037109375,6.416112789936086e-07
sft_pilot6k_seed1,pilot,1,6000,2640,0.026693629929221436,0.6080053329467774,0.00012485291517805308,6.389661961682173e-07
sft_pilot6k_seed1,pilot,1,6000,2650,0.02679474216380182,0.7141607761383056,0.26093152165412903,6.363168919272846e-07
sft_pilot6k_seed1,pilot,1,6000,2660,0.026895854398382203,0.5987321853637695,79.16539764404297,6.336634467494768e-07
sft_pilot6k_seed1,pilot,1,6000,2670,0.02699696663296259,0.414945125579834,18.842435836791992,6.310059412392505e-07
sft_pilot6k_seed1,pilot,1,6000,2680,0.027098078867542973,0.6167640686035156,0.09344279766082764,6.283444561244041e-07
sft_pilot6k_seed1,pilot,1,6000,2690,0.027199191102123356,0.3230088710784912,2.2110211849212646,6.256790722536252e-07
sft_pilot6k_seed1,pilot,1,6000,2700,0.027300303336703743,0.9708464622497559,80.86577606201172,6.230098705940353e-07
sft_pilot6k_seed1,pilot,1,6000,2710,0.027401415571284126,1.0340118408203125,0.3090285062789917,6.203369322287305e-07
sft_pilot6k_seed1,pilot,1,6000,2720,0.02750252780586451,0.008042126148939132,0.0011943947756662965,6.176603383543169e-07
sft_pilot6k_seed1,pilot,1,6000,2730,0.027603640040444893,0.2575586557388306,0.0004561886307783425,6.149801702784457e-07
sft_pilot6k_seed1,pilot,1,6000,2740,0.02770475227502528,0.6025526523590088,125.53459167480469,6.122965094173423e-07
sft_pilot6k_seed1,pilot,1,6000,2750,0.027805864509605663,0.5377126216888428,7.168664160417393e-05,6.096094372933337e-07
sft_pilot6k_seed1,pilot,1,6000,2760,0.027906976744186046,0.1705979585647583,0.1406272053718567,6.069190355323716e-07
sft_pilot6k_seed1,pilot,1,6000,2770,0.02800808897876643,0.1755484938621521,0.0003667234559543431,6.042253858615531e-07
sft_pilot6k_seed1,pilot,1,6000,2780,0.028109201213346816,1.0316238403320312,0.03192545846104622,6.015285701066381e-07
sft_pilot6k_seed1,pilot,1,6000,2790,0.0282103134479272,0.234665584564209,0.007260199636220932,5.98828670189563e-07
sft_pilot6k_seed1,pilot,1,6000,2800,0.028311425682507583,0.08518874645233154,0.0103823933750391,5.961257681259535e-07
sft_pilot6k_seed1,pilot,1,6000,2810,0.028412537917087966,0.42435469627380373,0.0027272768784314394,5.934199460226317e-07
sft_pilot6k_seed1,pilot,1,6000,2820,0.028513650151668353,0.2296363592147827,0.0012279526563361287,5.907112860751228e-07
sft_pilot6k_seed1,pilot,1,6000,2830,0.028614762386248736,0.629282808303833,19.835655212402344,5.879998705651579e-07
sft_pilot6k_seed1,pilot,1,6000,2840,0.02871587462082912,0.8825736045837402,0.36248815059661865,5.852857818581752e-07
sft_pilot6k_seed1,pilot,1,6000,2850,0.028816986855409503,0.36172301769256593,117.08026885986328,5.825691024008162e-07
sft_pilot6k_seed1,pilot,1,6000,2860,0.02891809908998989,0.5896588325500488,87.8360366821289,5.798499147184232e-07
sft_pilot6k_seed1,pilot,1,6000,2870,0.029019211324570273,0.1597016453742981,15.205000877380371,5.771283014125316e-07
sft_pilot6k_seed1,pilot,1,6000,2880,0.029120323559150656,1.1819055557250977,8.536685345461592e-05,5.744043451583606e-07
sft_pilot6k_seed1,pilot,1,6000,2890,0.029221435793731043,0.17114046812057496,0.0008275483269244432,5.716781287023009e-07
sft_pilot6k_seed1,pilot,1,6000,2900,0.029322548028311426,0.6949100494384766,0.0013451980194076896,5.689497348594035e-07
sft_pilot6k_seed1,pilot,1,6000,2910,0.02942366026289181,0.02961582541465759,5.848304135724902e-05,5.662192465108613e-07
sft_pilot6k_seed1,pilot,1,6000,2920,0.029524772497472193,0.0010292606428265571,0.00021897848637308925,5.634867466014931e-07
sft_pilot6k_seed1,pilot,1,6000,2930,0.02962588473205258,1.1859819412231445,140.80108642578125,5.607523181372234e-07
sft_pilot6k_seed1,pilot,1,6000,2940,0.029726996966632963,0.3988499641418457,6.0604939460754395,5.580160441825611e-07
sft_pilot6k_seed1,pilot,1,6000,2950,0.029828109201213347,0.33367290496826174,1.4184868335723877,5.552780078580756e-07
sft_pilot6k_seed1,pilot,1,6000,2960,0.02992922143579373,0.24190778732299806,0.18016256392002106,5.525382923378728e-07
sft_pilot6k_seed1,pilot,1,6000,2970,0.030030333670374117,0.1689866900444031,0.000280622421996668,5.49796980847068e-07
sft_pilot6k_seed1,pilot,1,6000,2980,0.0301314459049545,0.5062535285949707,103.37443542480469,5.470541566592572e-07
sft_pilot6k_seed1,pilot,1,6000,2990,0.030232558139534883,0.49166274070739746,46.16651153564453,5.443099030939886e-07
sft_pilot6k_seed1,pilot,1,6000,3000,0.030333670374115267,2.654164695739746,84.54872131347656,5.415643035142309e-07
sft_pilot6k_seed1,pilot,1,6000,3010,0.030434782608695653,0.313738489151001,5.193508148193359,5.38817441323841e-07
sft_pilot6k_seed1,pilot,1,6000,3020,0.030535894843276037,0.30032451152801515,0.0008110392955131829,5.360693999650302e-07
sft_pilot6k_seed1,pilot,1,6000,3030,0.03063700707785642,0.34796411991119386,0.0006216256879270077,5.333202629158301e-07
sft_pilot6k_seed1,pilot,1,6000,3040,0.030738119312436803,0.3161498546600342,61.39670181274414,5.305701136875565e-07
sft_pilot6k_seed1,pilot,1,6000,3050,0.03083923154701719,0.43132648468017576,0.18243363499641418,5.27819035822272e-07
sft_pilot6k_seed1,pilot,1,6000,3060,0.030940343781597573,0.3960114002227783,0.01217774860560894,5.25067112890249e-07
sft_pilot6k_seed1,pilot,1,6000,3070,0.031041456016177957,0.032502055168151855,0.007267868146300316,5.223144284874306e-07
sft_pilot6k_seed1,pilot,1,6000,3080,0.03114256825075834,0.9366518020629883,0.20635589957237244,5.195610662328914e-07
sft_pilot6k_seed1,pilot,1,6000,3090,0.031243680485338727,0.5734432220458985,5.227573637966998e-05,5.168071097662972e-07
sft_pilot6k_seed1,pilot,1,6000,3100,0.03134479271991911,0.5450229644775391,0.02837703563272953,5.140526427453645e-07
sft_pilot6k_seed1,pilot,1,6000,3110,0.0314459049544995,0.5766657829284668,8.412779425270855e-05,5.112977488433188e-07
sft_pilot6k_seed1,pilot,1,6000,3120,0.03154701718907988,0.6470662117004394,118.95314025878906,5.085425117463532e-07
sft_pilot6k_seed1,pilot,1,6000,3130,0.031648129423660264,0.5726926326751709,11.98201847076416,5.057870151510863e-07
sft_pilot6k_seed1,pilot,1,6000,3140,0.03174924165824065,0.4931830883026123,0.0013675214722752571,5.030313427620196e-07
sft_pilot6k_seed1,pilot,1,6000,3150,0.03185035389282103,0.691524076461792,0.009859489277005196,5.002755782889942e-07
sft_pilot6k_seed1,pilot,1,6000,3160,0.031951466127401414,0.8845251083374024,0.0016872248379513621,4.975198054446492e-07
sft_pilot6k_seed1,pilot,1,6000,3170,0.0320525783619818,0.9490797996520997,0.0002740907366387546,4.947641079418773e-07
sft_pilot6k_seed1,pilot,1,6000,3180,0.03215369059656219,0.8015895843505859,3.253750401199795e-05,4.920085694912828e-07
sft_pilot6k_seed1,pilot,1,6000,3190,0.03225480283114257,0.6096273899078369,0.00013963216042611748,4.892532737986386e-07
sft_pilot6k_seed1,pilot,1,6000,3200,0.032355915065722954,0.2983031511306763,0.45911285281181335,4.864983045623434e-07
sft_pilot6k_seed1,pilot,1,6000,3210,0.03245702730030334,0.248284649848938,0.00033785816049203277,4.837437454708783e-07
sft_pilot6k_seed1,pilot,1,6000,3220,0.03255813953488372,0.34465599060058594,6.50631554890424e-05,4.809896802002662e-07
sft_pilot6k_seed1,pilot,1,6000,3230,0.032659251769464104,0.057635831832885745,1.4506540298461914,4.782361924115286e-07
sft_pilot6k_seed1,pilot,1,6000,3240,0.03276036400404449,0.5777459144592285,104.22405242919922,4.7548336574814444e-07
sft_pilot6k_seed1,pilot,1,6000,3250,0.03286147623862487,1.1886926651000977,98.8582992553711,4.727312838335101e-07
sft_pilot6k_seed1,pilot,1,6000,3260,0.03296258847320526,1.0846983909606933,0.03748130798339844,4.6998003026839804e-07
sft_pilot6k_seed1,pilot,1,6000,3270,0.033063700707785644,1.3233116149902344,76.40489959716797,4.67229688628418e-07
sft_pilot6k_seed1,pilot,1,6000,3280,0.03316481294236603,0.08666114211082458,0.37495797872543335,4.644803424614775e-07
sft_pilot6k_seed1,pilot,1,6000,3290,0.03326592517694641,0.1139651894569397,0.0696125254034996,4.617320752852447e-07
sft_pilot6k_seed1,pilot,1,6000,3300,0.033367037411526794,0.3658773422241211,0.0001919566566357389,4.58984970584611e-07
sft_pilot6k_seed1,pilot,1,6000,3310,0.03346814964610718,0.7020829677581787,4.3629403080558404e-05,4.5623911180915434e-07
sft_pilot6k_seed1,pilot,1,6000,3320,0.03356926188068756,0.8302855491638184,34.206642150878906,4.5349458237060557e-07
sft_pilot6k_seed1,pilot,1,6000,3330,0.03367037411526795,0.7963844299316406,87.95087432861328,4.507514656403136e-07
sft_pilot6k_seed1,pilot,1,6000,3340,0.033771486349848334,0.8162861824035644,23.050600051879883,4.480098449467131e-07
sft_pilot6k_seed1,pilot,1,6000,3350,0.03387259858442872,0.09090551733970642,3.5975277569377795e-05,4.452698035727929e-07
sft_pilot6k_seed1,pilot,1,6000,3360,0.0339737108190091,0.18325966596603394,111.07919311523438,4.4253142475356674e-07
sft_pilot6k_seed1,pilot,1,6000,3370,0.034074823053589484,0.23592119216918944,0.0013990574516355991,4.3979479167354473e-07
sft_pilot6k_seed1,pilot,1,6000,3380,0.03417593528816987,0.4489900588989258,0.009343907237052917,4.370599874642055e-07
sft_pilot6k_seed1,pilot,1,6000,3390,0.03427704752275025,0.09360470175743103,0.0005363452364690602,4.3432709520147197e-07
sft_pilot6k_seed1,pilot,1,6000,3400,0.034378159757330634,0.40995469093322756,0.0024911602959036827,4.3159619790318747e-07
sft_pilot6k_seed1,pilot,1,6000,3410,0.034479271991911024,0.5391943454742432,78.55265045166016,4.288673785265932e-07
sft_pilot6k_seed1,pilot,1,6000,3420,0.03458038422649141,0.44958009719848635,0.0007138410001061857,4.2614071996580924e-07
sft_pilot6k_seed1,pilot,1,6000,3430,0.03468149646107179,0.9211727142333984,87.59867858886719,4.234163050493158e-07
sft_pilot6k_seed1,pilot,1,6000,3440,0.034782608695652174,0.21343846321105958,0.37510690093040466,4.2069421653743704e-07
sft_pilot6k_seed1,pilot,1,6000,3450,0.03488372093023256,0.2457266330718994,9.379832772538066e-05,4.1797453711982755e-07
sft_pilot6k_seed1,pilot,1,6000,3460,0.03498483316481294,0.44634280204772947,0.08621204644441605,4.152573494129602e-07
sft_pilot6k_seed1,pilot,1,6000,3470,0.035085945399393324,0.1675348162651062,9.2213134765625,4.125427359576162e-07
sft_pilot6k_seed1,pilot,1,6000,3480,0.03518705763397371,0.024741075932979584,0.5447871685028076,4.098307792163781e-07
sft_pilot6k_seed1,pilot,1,6000,3490,0.0352881698685541,0.08259071707725525,0.07069699466228485,4.07121561571125e-07
sft_pilot6k_seed1,pilot,1,6000,3500,0.03538928210313448,1.2858242034912108,97.75420379638672,4.044151653205292e-07
sft_pilot6k_seed1,pilot,1,6000,3510,0.035490394337714865,0.057703161239624025,0.034142475575208664,4.017116726775569e-07
sft_pilot6k_seed1,pilot,1,6000,3520,0.03559150657229525,0.5684709548950195,2.21938157081604,3.990111657669708e-07
sft_pilot6k_seed1,pilot,1,6000,3530,0.03569261880687563,0.6927921772003174,78.56153106689453,3.9631372662283486e-07
sft_pilot6k_seed1,pilot,1,6000,3540,0.035793731041456014,0.19343430995941163,0.00014534778892993927,3.9361943718602296e-07
sft_pilot6k_seed1,pilot,1,6000,3550,0.0358948432760364,1.1416935920715332,6.116527220001444e-05,3.909283793017288e-07
sft_pilot6k_seed1,pilot,1,6000,3560,0.03599595551061679,0.18426090478897095,2.0349032878875732,3.88240634716981e-07
sft_pilot6k_seed1,pilot,1,6000,3570,0.03609706774519717,1.2342360496520997,3.829583874903619e-05,3.8555628507815884e-07
sft_pilot6k_seed1,pilot,1,6000,3580,0.036198179979777555,1.1029582977294923,91.62693786621094,3.8287541192851225e-07
sft_pilot6k_seed1,pilot,1,6000,3590,0.03629929221435794,0.10549570322036743,3.229696035385132,3.80198096705685e-07
sft_pilot6k_seed1,pilot,1,6000,3600,0.03640040444893832,0.28342888355255125,0.004012546502053738,3.7752442073924096e-07
sft_pilot6k_seed1,pilot,1,6000,3610,0.036501516683518705,0.21064438819885253,0.11008990556001663,3.7485446524819267e-07
sft_pilot6k_seed1,pilot,1,6000,3620,0.03660262891809909,0.6049273490905762,0.0003214401367586106,3.721883113385352e-07
sft_pilot6k_seed1,pilot,1,6000,3630,0.03670374115267947,0.6920793533325196,0.7796274423599243,3.695260400007819e-07
sft_pilot6k_seed1,pilot,1,6000,3640,0.03680485338725986,0.2500295877456665,83.88561248779297,3.668677321075038e-07
sft_pilot6k_seed1,pilot,1,6000,3650,0.036905965621840245,0.9095659255981445,17.112768173217773,3.6421346841087364e-07
sft_pilot6k_seed1,pilot,1,6000,3660,0.03700707785642063,0.6277714729309082,3.5389065742492676,3.615633295402123e-07
sft_pilot6k_seed1,pilot,1,6000,3670,0.03710819009100101,0.46597466468811033,0.001880048424936831,3.589173959995394e-07
sft_pilot6k_seed1,pilot,1,6000,3680,0.037209302325581395,0.12418136596679688,40.5238151550293,3.5627574816512843e-07
sft_pilot6k_seed1,pilot,1,6000,3690,0.03731041456016178,1.1223569869995118,0.04824959486722946,3.5363846628306483e-07
sft_pilot6k_seed1,pilot,1,6000,3700,0.03741152679474216,0.715355110168457,81.98492431640625,3.5100563046680763e-07
sft_pilot6k_seed1,pilot,1,6000,3710,0.037512639029322545,0.21089551448822022,8.042431831359863,3.483773206947572e-07
sft_pilot6k_seed1,pilot,1,6000,3720,0.037613751263902935,0.8783613204956054,0.17422468960285187,3.4575361680782466e-07
sft_pilot6k_seed1,pilot,1,6000,3730,0.03771486349848332,0.01200626939535141,3.273565016570501e-05,3.431345985070067e-07
sft_pilot6k_seed1,pilot,1,6000,3740,0.0378159757330637,0.8203007698059082,0.009484016336500645,3.4052034535096494e-07
sft_pilot6k_seed1,pilot,1,6000,3750,0.037917087967644085,0.5043035507202148,0.00988597609102726,3.379109367536088e-07
sft_pilot6k_seed1,pilot,1,6000,3760,0.03801820020222447,0.3165014982223511,0.1415572613477707,3.353064519816829e-07
sft_pilot6k_seed1,pilot,1,6000,3770,0.03811931243680485,0.22491612434387206,7.104813266778365e-05,3.327069701523595e-07
sft_pilot6k_seed1,pilot,1,6000,3780,0.038220424671385235,0.5476509094238281,99.91807556152344,3.301125702308352e-07
sft_pilot6k_seed1,pilot,1,6000,3790,0.038321536905965625,0.4047917366027832,114.29032135009766,3.275233310279321e-07
sft_pilot6k_seed1,pilot,1,6000,3800,0.03842264914054601,0.39254441261291506,86.24786376953125,3.249393311977037e-07
sft_pilot6k_seed1,pilot,1,6000,3810,0.03852376137512639,0.3361773729324341,0.0009984589414671063,3.2236064923504503e-07
sft_pilot6k_seed1,pilot,1,6000,3820,0.038624873609706775,0.33470926284790037,25.70961570739746,3.1978736347330957e-07
sft_pilot6k_seed1,pilot,1,6000,3830,0.03872598584428716,0.6062829494476318,5.471957047120668e-05,3.172195520819284e-07
sft_pilot6k_seed1,pilot,1,6000,3840,0.03882709807886754,0.8057880401611328,16.827777862548828,3.146572930640362e-07
sft_pilot6k_seed1,pilot,1,6000,3850,0.038928210313447925,0.11448018550872803,87.25639343261719,3.1210066425410144e-07
sft_pilot6k_seed1,pilot,1,6000,3860,0.03902932254802831,0.27432546615600584,20.497623443603516,3.095497433155626e-07
sft_pilot6k_seed1,pilot,1,6000,3870,0.0391304347826087,0.8032378196716309,0.003088791621848941,3.0700460773846817e-07
sft_pilot6k_seed1,pilot,1,6000,3880,0.03923154701718908,0.7176654815673829,99.80033111572266,3.04465334837123e-07
sft_pilot6k_seed1,pilot,1,6000,3890,0.039332659251769465,1.4693438529968261,4.166094004176557e-05,3.0193200174774037e-07
sft_pilot6k_seed1,pilot,1,6000,3900,0.03943377148634985,1.0828523635864258,128.6490478515625,2.994046854260974e-07
sft_pilot6k_seed1,pilot,1,6000,3910,0.03953488372093023,0.8480633735656739,7.884150505065918,2.9688346264519866e-07
sft_pilot6k_seed1,pilot,1,6000,3920,0.039635995955510615,0.05054901242256164,9.76033479673788e-05,2.9436840999294354e-07
sft_pilot6k_seed1,pilot,1,6000,3930,0.039737108190091,0.03282115161418915,4.0715902287047356e-05,2.9185960386979946e-07
sft_pilot6k_seed1,pilot,1,6000,3940,0.03983822042467138,0.6001888275146484,59.77483367919922,2.8935712048648106e-07
sft_pilot6k_seed1,pilot,1,6000,3950,0.03993933265925177,0.6318141937255859,0.0005329514970071614,2.8686103586163623e-07
sft_pilot6k_seed1,pilot,1,6000,3960,0.040040444893832156,0.6340364456176758,0.00012863692245446146,2.8437142581953453e-07
sft_pilot6k_seed1,pilot,1,6000,3970,0.04014155712841254,0.37140822410583496,29.280017852783203,2.818883659877666e-07
sft_pilot6k_seed1,pilot,1,6000,3980,0.04024266936299292,0.44714908599853515,72.5071792602539,2.794119317949448e-07
sft_pilot6k_seed1,pilot,1,6000,3990,0.040343781597573306,0.5255373954772949,0.011800955981016159,2.769421984684126e-07
sft_pilot6k_seed1,pilot,1,6000,4000,0.04044489383215369,0.3325559139251709,4.951871871948242,2.744792410319597e-07
sft_pilot6k_seed1,pilot,1,6000,4010,0.04054600606673407,0.6538285255432129,100.78662872314453,2.720231343035425e-07
sft_pilot6k_seed1,pilot,1,6000,4020,0.04064711830131446,0.0074887871742248535,1.5990674495697021,2.695739528930111e-07
sft_pilot6k_seed1,pilot,1,6000,4030,0.040748230535894846,0.6939877986907959,108.39019775390625,2.67131771199844e-07
sft_pilot6k_seed1,pilot,1,6000,4040,0.04084934277047523,0.45420212745666505,3.936060966225341e-05,2.6469666341088674e-07
sft_pilot6k_seed1,pilot,1,6000,4050,0.04095045500505561,0.43021059036254883,97.03440856933594,2.622687034980988e-07
sft_pilot6k_seed1,pilot,1,6000,4060,0.041051567239635996,0.3013146162033081,0.0085673863068223,2.5984796521630735e-07
sft_pilot6k_seed1,pilot,1,6000,4070,0.04115267947421638,0.41572179794311526,0.04591672495007515,2.5743452210096526e-07
sft_pilot6k_seed1,pilot,1,6000,4080,0.04125379170879676,0.2337660551071167,62.453304290771484,2.55028447465918e-07
sft_pilot6k_seed1,pilot,1,6000,4090,0.041354903943377146,0.5067827224731445,0.06237245723605156,2.526298144011775e-07
sft_pilot6k_seed1,pilot,1,6000,4100,0.041456016177957536,0.21945436000823976,6.196844333317131e-05,2.502386957707001e-07
sft_pilot6k_seed1,pilot,1,6000,4110,0.04155712841253792,0.40933756828308104,0.028591251000761986,2.4785516421017426e-07
sft_pilot6k_seed1,pilot,1,6000,4120,0.0416582406471183,0.4693894386291504,0.003439783351495862,2.4547929212481435e-07
sft_pilot6k_seed1,pilot,1,6000,4130,0.041759352881698686,0.140762996673584,7.616239599883556e-05,2.4311115168716014e-07
sft_pilot6k_seed1,pilot,1,6000,4140,0.04186046511627907,0.3515252351760864,0.0003497182042337954,2.4075081483488493e-07
sft_pilot6k_seed1,pilot,1,6000,4150,0.04196157735085945,0.2915452718734741,0.002145557664334774,2.38398353268611e-07
sft_pilot6k_seed1,pilot,1,6000,4160,0.042062689585439836,0.2108445167541504,0.02199392579495907,2.3605383844972965e-07
sft_pilot6k_seed1,pilot,1,6000,4170,0.04216380182002022,0.33393254280090334,15.158665657043457,2.3371734159823282e-07
sft_pilot6k_seed1,pilot,1,6000,4180,0.04226491405460061,0.2822232484817505,3.4931774139404297,2.3138893369054764e-07
sft_pilot6k_seed1,pilot,1,6000,4190,0.04236602628918099,0.9213098526000977,0.008291799575090408,2.29068685457381e-07
sft_pilot6k_seed1,pilot,1,6000,4200,0.042467138523761376,0.4703237533569336,77.39971160888672,2.2675666738157183e-07
sft_pilot6k_seed1,pilot,1,6000,4210,0.04256825075834176,0.11474481821060181,0.30580243468284607,2.244529496959484e-07
sft_pilot6k_seed1,pilot,1,6000,4220,0.04266936299292214,0.5835696220397949,105.46907806396484,2.2215760238119596e-07
sft_pilot6k_seed1,pilot,1,6000,4230,0.042770475227502526,0.05276577472686768,0.06404358148574829,2.1987069516373097e-07
sft_pilot6k_seed1,pilot,1,6000,4240,0.04287158746208291,0.37778635025024415,0.00021090192603878677,2.1759229751358215e-07
sft_pilot6k_seed1,pilot,1,6000,4250,0.0429726996966633,0.12730348110198975,0.026108209043741226,2.1532247864228083e-07
sft_pilot6k_seed1,pilot,1,6000,4260,0.04307381193124368,0.38161664009094237,0.0012726925779134035,2.1306130750075863e-07
sft_pilot6k_seed1,pilot,1,6000,4270,0.043174924165824066,0.39949333667755127,0.0010151993483304977,2.1080885277725235e-07
sft_pilot6k_seed1,pilot,1,6000,4280,0.04327603640040445,1.0849421501159668,8.70372486114502,2.0856518289521746e-07
sft_pilot6k_seed1,pilot,1,6000,4290,0.04337714863498483,0.25041732788085935,0.02211267501115799,2.0633036601125058e-07
sft_pilot6k_seed1,pilot,1,6000,4300,0.043478260869565216,0.44304547309875486,0.006950552575290203,2.0410447001301752e-07
sft_pilot6k_seed1,pilot,1,6000,4310,0.0435793731041456,0.2468005657196045,0.36367952823638916,2.0188756251719203e-07
sft_pilot6k_seed1,pilot,1,6000,4320,0.04368048533872598,0.7320965766906739,29.92407989501953,1.9967971086740192e-07
sft_pilot6k_seed1,pilot,1,6000,4330,0.04378159757330637,0.10342447757720948,0.0003505087224766612,1.9748098213218268e-07
sft_pilot6k_seed1,pilot,1,6000,4340,0.043882709807886756,0.1276790976524353,0.8047642111778259,1.9529144310294022e-07
sft_pilot6k_seed1,pilot,1,6000,4350,0.04398382204246714,0.06706096529960633,0.0007811770192347467,1.9311116029192277e-07
sft_pilot6k_seed1,pilot,1,6000,4360,0.04408493427704752,0.1777397632598877,0.5378822088241577,1.9094019993019927e-07
sft_pilot6k_seed1,pilot,1,6000,4370,0.044186046511627906,0.9516407012939453,111.7903060913086,1.887786279656482e-07
sft_pilot6k_seed1,pilot,1,6000,4380,0.04428715874620829,0.2485102891921997,0.001991397002711892,1.8662651006095386e-07
sft_pilot6k_seed1,pilot,1,6000,4390,0.04438827098078867,0.3153473615646362,0.02145075984299183,1.8448391159161204e-07
sft_pilot6k_seed1,pilot,1,6000,4400,0.044489383215369056,1.0143027305603027,26.513395309448242,1.8235089764394408e-07
sft_pilot6k_seed1,pilot,1,6000,4410,0.04459049544994945,0.11403518915176392,0.03933413699269295,1.8022753301311931e-07
sft_pilot6k_seed1,pilot,1,6000,4420,0.04469160768452983,1.164584255218506,140.96592712402344,1.7811388220118705e-07
sft_pilot6k_seed1,pilot,1,6000,4430,0.04479271991911021,0.4865116596221924,0.17703703045845032,1.7601000941511756e-07
sft_pilot6k_seed1,pilot,1,6000,4440,0.0448938321536906,0.1314464807510376,9.207087516784668,1.7391597856485078e-07
sft_pilot6k_seed1,pilot,1,6000,4450,0.04499494438827098,1.068289852142334,5.918023109436035,1.718318532613554e-07
sft_pilot6k_seed1,pilot,1,6000,4460,0.04509605662285136,0.34114551544189453,0.022071804851293564,1.6975769681469703e-07
sft_pilot6k_seed1,pilot,1,6000,4470,0.045197168857431747,0.08361800909042358,5.98221922700759e-05,1.676935722321139e-07
sft_pilot6k_seed1,pilot,1,6000,4480,0.04529828109201214,0.3334195613861084,0.528374433517456,1.6563954221610354e-07
sft_pilot6k_seed1,pilot,1,6000,4490,0.04539939332659252,0.9266177177429199,3.2813601137604564e-05,1.6359566916251843e-07
sft_pilot6k_seed1,pilot,1,6000,4500,0.0455005055611729,0.38354201316833497,7.765686511993408,1.6156201515866968e-07
sft_pilot6k_seed1,pilot,1,6000,4510,0.04560161779575329,0.3073339223861694,3.323693454149179e-05,1.5953864198144136e-07
sft_pilot6k_seed1,pilot,1,6000,4520,0.04570273003033367,0.5823192119598388,3.4578444957733154,1.5752561109541445e-07
sft_pilot6k_seed1,pilot,1,6000,4530,0.04580384226491405,0.42744669914245603,2.8772366046905518,1.5552298365099882e-07
sft_pilot6k_seed1,pilot,1,6000,4540,0.04590495449949444,0.0022680865600705146,3.7650796002708375e-05,1.5353082048257593e-07
sft_pilot6k_seed1,pilot,1,6000,4550,0.04600606673407482,0.8313329696655274,0.002303637797012925,1.5154918210665145e-07
sft_pilot6k_seed1,pilot,1,6000,4560,0.04610717896865521,0.2424555778503418,4.920707579003647e-05,1.4957812872001613e-07
sft_pilot6k_seed1,pilot,1,6000,4570,0.046208291203235594,0.4679680347442627,3.2226603031158447,1.4761772019791746e-07
sft_pilot6k_seed1,pilot,1,6000,4580,0.04630940343781598,0.33389508724212646,0.00013932968431618065,1.4566801609224094e-07
sft_pilot6k_seed1,pilot,1,6000,4590,0.04641051567239636,0.6295330047607421,70.28507232666016,1.4372907562970077e-07
sft_pilot6k_seed1,pilot,1,6000,4600,0.046511627906976744,0.5650472640991211,2.3138961791992188,1.4180095771004153e-07
sft_pilot6k_seed1,pilot,1,6000,4610,0.04661274014155713,0.5617254734039306,0.0032063592225313187,1.3988372090424772e-07
sft_pilot6k_seed1,pilot,1,6000,4620,0.04671385237613751,0.459947395324707,0.5642676949501038,1.379774234527652e-07
sft_pilot6k_seed1,pilot,1,6000,4630,0.046814964610717894,0.012728022038936615,12.937225341796875,1.3608212326373248e-07
sft_pilot6k_seed1,pilot,1,6000,4640,0.046916076845298284,0.409566068649292,108.42877960205078,1.3419787791122063e-07
sft_pilot6k_seed1,pilot,1,6000,4650,0.04701718907987867,0.6719809532165527,1.680048942565918,1.323247446334847e-07
sft_pilot6k_seed1,pilot,1,6000,4660,0.04711830131445905,0.30714418888092043,77.36244201660156,1.3046278033122577e-07
sft_pilot6k_seed1,pilot,1,6000,4670,0.047219413549039434,1.1776090621948243,0.036834221333265305,1.2861204156586108e-07
sft_pilot6k_seed1,pilot,1,6000,4680,0.04732052578361982,0.701280164718628,0.12098556756973267,1.2677258455780682e-07
sft_pilot6k_seed1,pilot,1,6000,4690,0.0474216380182002,0.39522461891174315,133.53746032714844,1.249444651847702e-07
sft_pilot6k_seed1,pilot,1,6000,4700,0.047522750252780584,0.392431378364563,0.000562103814445436,1.2312773898005173e-07
sft_pilot6k_seed1,pilot,1,6000,4710,0.047623862487360974,0.18342950344085693,4.3587795516941696e-05,1.213224611308582e-07
sft_pilot6k_seed1,pilot,1,6000,4720,0.04772497472194136,1.1550962448120117,93.61749267578125,1.1952868647662696e-07
sft_pilot6k_seed1,pilot,1,6000,4730,0.04782608695652174,0.34563350677490234,0.004595240578055382,1.1774646950735911e-07
sft_pilot6k_seed1,pilot,1,6000,4740,0.047927199191102124,0.5426296710968017,0.00021260359790176153,1.1597586436196471e-07
sft_pilot6k_seed1,pilot,1,6000,4750,0.04802831142568251,0.94805908203125,97.38510131835938,1.1421692482661854e-07
sft_pilot6k_seed1,pilot,1,6000,4760,0.04812942366026289,0.31877717971801756,150.01040649414062,1.1246970433312558e-07
sft_pilot6k_seed1,pilot,1,6000,4770,0.048230535894843274,0.01386256217956543,4.6066321374382824e-05,1.1073425595729769e-07
sft_pilot6k_seed1,pilot,1,6000,4780,0.04833164812942366,0.39685323238372805,0.014204422943294048,1.090106324173426e-07
sft_pilot6k_seed1,pilot,1,6000,4790,0.04843276036400405,0.008594076335430145,13.033432006835938,1.0729888607226112e-07
sft_pilot6k_seed1,pilot,1,6000,4800,0.04853387259858443,0.6323647499084473,0.0016010806430131197,1.0559906892025744e-07
sft_pilot6k_seed1,pilot,1,6000,4810,0.048634984833164814,0.5145587921142578,3.716024730238132e-05,1.0391123259715907e-07
sft_pilot6k_seed1,pilot,1,6000,4820,0.0487360970677452,0.5907979965209961,2.7006235122680664,1.0223542837484839e-07
sft_pilot6k_seed1,pilot,1,6000,4830,0.04883720930232558,0.9912813186645508,182.21072387695312,1.0057170715970559e-07
sft_pilot6k_seed1,pilot,1,6000,4840,0.048938321536905964,0.25817174911499025,6.95369963068515e-05,9.892011949106171e-08
sft_pilot6k_seed1,pilot,1,6000,4850,0.04903943377148635,0.53054838180542,0.10384158790111542,9.728071553966339e-08
sft_pilot6k_seed1,pilot,1,6000,4860,0.04914054600606673,0.18942731618881226,3.433685302734375,9.56535451061496e-08
sft_pilot6k_seed1,pilot,1,6000,4870,0.04924165824064712,0.9588811874389649,83.3323745727539,9.403865761953778e-08
sft_pilot6k_seed1,pilot,1,6000,4880,0.049342770475227504,1.224112319946289,15.847402572631836,9.243610213572284e-08
sft_pilot6k_seed1,pilot,1,6000,4890,0.04944388270980789,0.20701253414154053,0.00022032824927009642,9.084592733598734e-08
sft_pilot6k_seed1,pilot,1,6000,4900,0.04954499494438827,1.3836520195007325,0.00015593993884976953,8.92681815255219e-08
sft_pilot6k_seed1,pilot,1,6000,4910,0.049646107178968654,0.5522133827209472,4.55397239420563e-05,8.770291263195817e-08
sft_pilot6k_seed1,pilot,1,6000,4920,0.04974721941354904,0.0808083474636078,6.585016250610352,8.615016820391342e-08
sft_pilot6k_seed1,pilot,1,6000,4930,0.04984833164812942,0.9177773475646973,101.05579376220703,8.460999540954516e-08
sft_pilot6k_seed1,pilot,1,6000,4940,0.04994944388270981,0.4554892063140869,41.49545669555664,8.308244103511907e-08
sft_pilot6k_seed1,pilot,1,6000,4950,0.050050556117290194,0.8137706756591797,81.80673217773438,8.156755148358763e-08
sft_pilot6k_seed1,pilot,1,6000,4960,0.05015166835187058,0.5794681072235107,0.38321349024772644,8.00653727731801e-08
sft_pilot6k_seed1,pilot,1,6000,4970,0.05025278058645096,1.0396767616271974,4.313117096899077e-05,7.857595053600513e-08
sft_pilot6k_seed1,pilot,1,6000,4980,0.050353892821031344,1.7115129470825194,127.83817291259766,7.70993300166643e-08
sft_pilot6k_seed1,pilot,1,6000,4990,0.05045500505561173,1.234873390197754,0.0001762227329891175,7.563555607087779e-08
sft_pilot6k_seed1,pilot,1,6000,5000,0.05055611729019211,0.09435829520225525,89.07948303222656,7.418467316412158e-08
sft_pilot6k_seed1,pilot,1,6000,5010,0.050657229524772494,1.0021490097045898,0.33415675163269043,7.274672537027743e-08
sft_pilot6k_seed1,pilot,1,6000,5020,0.050758341759352885,0.01851799190044403,8.996575355529785,7.132175637029292e-08
sft_pilot6k_seed1,pilot,1,6000,5030,0.05085945399393327,0.04292575120925903,6.8755011558532715,6.990980945085534e-08
sft_pilot6k_seed1,pilot,1,6000,5040,0.05096056622851365,0.23715133666992189,10.961928367614746,6.851092750307686e-08
sft_pilot6k_seed1,pilot,1,6000,5050,0.051061678463094035,0.23650894165039063,100.0197525024414,6.712515302119077e-08
sft_pilot6k_seed1,pilot,1,6000,5060,0.05116279069767442,0.36001019477844237,10.942668914794922,6.575252810126141e-08
sft_pilot6k_seed1,pilot,1,6000,5070,0.0512639029322548,0.29032154083251954,101.14945983886719,6.439309443990531e-08
sft_pilot6k_seed1,pilot,1,6000,5080,0.051365015166835185,0.045953238010406496,0.02490648813545704,6.304689333302415e-08
sft_pilot6k_seed1,pilot,1,6000,5090,0.05146612740141557,0.0855329692363739,0.9130425453186035,6.17139656745505e-08
sft_pilot6k_seed1,pilot,1,6000,5100,0.05156723963599596,0.8239076614379883,135.84568786621094,6.039435195520604e-08
sft_pilot6k_seed1,pilot,1,6000,5110,0.05166835187057634,1.440828227996826,0.0009845804888755083,5.908809226127054e-08
sft_pilot6k_seed1,pilot,1,6000,5120,0.051769464105156725,0.025959625840187073,0.27349382638931274,5.779522627336536e-08
sft_pilot6k_seed1,pilot,1,6000,5130,0.05187057633973711,0.10506663322448731,0.011052722111344337,5.651579326524708e-08
sft_pilot6k_seed1,pilot,1,6000,5140,0.05197168857431749,0.8221588134765625,0.0015574501594528556,5.52498321026148e-08
sft_pilot6k_seed1,pilot,1,6000,5150,0.052072800808897875,0.15619249343872071,0.000970840803347528,5.399738124192987e-08
sft_pilot6k_seed1,pilot,1,6000,5160,0.05217391304347826,0.487900447845459,0.27191677689552307,5.2758478729247155e-08
sft_pilot6k_seed1,pilot,1,6000,5170,0.05227502527805865,0.1576533079147339,104.13687133789062,5.1533162199059454e-08
sft_pilot6k_seed1,pilot,1,6000,5180,0.05237613751263903,0.30636751651763916,4.080631697434001e-05,5.032146887315447e-08
sft_pilot6k_seed1,pilot,1,6000,5190,0.052477249747219415,0.416876220703125,5.278782555251382e-05,4.9123435559483895e-08
sft_pilot6k_seed1,pilot,1,6000,5200,0.0525783619817998,0.5042004585266113,80.12629699707031,4.793909865104523e-08
sft_pilot6k_seed1,pilot,1,6000,5210,0.05267947421638018,0.01900058388710022,0.5084669589996338,4.676849412477679e-08
sft_pilot6k_seed1,pilot,1,6000,5220,0.052780586450960565,0.11804527044296265,0.48472729325294495,4.5611657540464035e-08
sft_pilot6k_seed1,pilot,1,6000,5230,0.05288169868554095,1.134264850616455,93.87610626220703,4.446862403965984e-08
sft_pilot6k_seed1,pilot,1,6000,5240,0.05298281092012133,0.4669847011566162,83.90267944335938,4.3339428344617015e-08
sft_pilot6k_seed1,pilot,1,6000,5250,0.05308392315470172,0.18730440139770507,6.248414993286133,4.222410475723326e-08
sft_pilot6k_seed1,pilot,1,6000,5260,0.053185035389282105,0.5585694313049316,0.1690918207168579,4.112268715800943e-08
sft_pilot6k_seed1,pilot,1,6000,5270,0.05328614762386249,0.006061292439699173,3.6841000110143796e-05,4.0035209005020276e-08
sft_pilot6k_seed1,pilot,1,6000,5280,0.05338725985844287,0.7707007884979248,2.9912385798525065e-05,3.8961703332898e-08
sft_pilot6k_seed1,pilot,1,6000,5290,0.053488372093023255,0.3724981784820557,3.0448148250579834,3.790220275182854e-08
sft_pilot6k_seed1,pilot,1,6000,5300,0.05358948432760364,0.3431642293930054,71.5171127319336,3.6856739446561755e-08
sft_pilot6k_seed1,pilot,1,6000,5310,0.05369059656218402,0.02493600845336914,0.00032889345311559737,3.582534517543267e-08
sft_pilot6k_seed1,pilot,1,6000,5320,0.053791708796764405,0.11764726638793946,0.00038073628093115985,3.480805126939751e-08
sft_pilot6k_seed1,pilot,1,6000,5330,0.053892821031344795,0.7151078224182129,78.3686294555664,3.380488863108183e-08
sft_pilot6k_seed1,pilot,1,6000,5340,0.05399393326592518,0.18831571340560913,0.00279650604352355,3.281588773384136e-08
sft_pilot6k_seed1,pilot,1,6000,5350,0.05409504550050556,1.089808750152588,85.56217193603516,3.184107862083668e-08
sft_pilot6k_seed1,pilot,1,6000,5360,0.054196157735085945,0.3291987657546997,3.6361594538902864e-05,3.088049090412087e-08
sft_pilot6k_seed1,pilot,1,6000,5370,0.05429726996966633,0.3186255216598511,32.712913513183594,2.99341537637392e-08
sft_pilot6k_seed1,pilot,1,6000,5380,0.05439838220424671,0.6638455390930176,15.345346450805664,2.9002095946843274e-08
sft_pilot6k_seed1,pilot,1,6000,5390,0.054499494438827095,0.7874699592590332,0.0006798745016567409,2.8084345766817676e-08
sft_pilot6k_seed1,pilot,1,6000,5400,0.054600606673407485,0.4740400791168213,23.215333938598633,2.7180931102419758e-08
sft_pilot6k_seed1,pilot,1,6000,5410,0.05470171890798787,0.30645620822906494,0.00043206330155953765,2.6291879396933002e-08
sft_pilot6k_seed1,pilot,1,6000,5420,0.05480283114256825,0.3548445701599121,82.27395629882812,2.5417217657333177e-08
sft_pilot6k_seed1,pilot,1,6000,5430,0.054903943377148635,0.45740456581115724,0.0012261060765013099,2.4556972453467827e-08
sft_pilot6k_seed1,pilot,1,6000,5440,0.05500505561172902,1.1047064781188964,0.0005960331181995571,2.371116991724953e-08
sft_pilot6k_seed1,pilot,1,6000,5450,0.0551061678463094,0.5466843128204346,0.00030764806433580816,2.2879835741861585e-08
sft_pilot6k_seed1,pilot,1,6000,5460,0.055207280080889785,0.46457643508911134,5.200387749937363e-05,2.2062995180978038e-08
sft_pilot6k_seed1,pilot,1,6000,5470,0.05530839231547017,0.8949560165405274,79.59422302246094,2.1260673047996225e-08
sft_pilot6k_seed1,pilot,1,6000,5480,0.05540950455005056,0.31308419704437257,0.04353085532784462,2.047289371528299e-08
sft_pilot6k_seed1,pilot,1,6000,5490,0.05551061678463094,0.6110107421875,3.384962474228814e-05,1.9699681113434396e-08
sft_pilot6k_seed1,pilot,1,6000,5500,0.055611729019211326,0.8217707633972168,122.27753448486328,1.894105873054913e-08
sft_pilot6k_seed1,pilot,1,6000,5510,0.05571284125379171,0.15060253143310548,0.0004163153062108904,1.8197049611514192e-08
sft_pilot6k_seed1,pilot,1,6000,5520,0.05581395348837209,0.16026623249053956,128.7765655517578,1.746767635730556e-08
sft_pilot6k_seed1,pilot,1,6000,5530,0.055915065722952476,0.11017587184906005,6.624393463134766,1.6752961124301412e-08
sft_pilot6k_seed1,pilot,1,6000,5540,0.05601617795753286,1.3401589393615723,0.0008000898524187505,1.605292562360905e-08
sft_pilot6k_seed1,pilot,1,6000,5550,0.05611729019211325,0.04828328788280487,0.014854277484118938,1.5367591120405255e-08
sft_pilot6k_seed1,pilot,1,6000,5560,0.05621840242669363,0.05277189612388611,0.022738894447684288,1.4696978433290652e-08
sft_pilot6k_seed1,pilot,1,6000,5570,0.056319514661274016,0.8611021995544433,1.4061317443847656,1.4041107933656926e-08
sft_pilot6k_seed1,pilot,1,6000,5580,0.0564206268958544,0.5357299327850342,108.86148834228516,1.3399999545068208e-08
sft_pilot6k_seed1,pilot,1,6000,5590,0.05652173913043478,0.8492481231689453,7.788835048675537,1.2773672742655784e-08
sft_pilot6k_seed1,pilot,1,6000,5600,0.056622851365015166,0.872334098815918,103.42798614501953,1.2162146552526398e-08
sft_pilot6k_seed1,pilot,1,6000,5610,0.05672396359959555,0.1844759464263916,8.247278310591355e-05,1.1565439551184663e-08
sft_pilot6k_seed1,pilot,1,6000,5620,0.05682507583417593,0.715071439743042,0.33701249957084656,1.0983569864968345e-08
sft_pilot6k_seed1,pilot,1,6000,5630,0.05692618806875632,0.7737495422363281,0.0002944097213912755,1.0416555169497687e-08
sft_pilot6k_seed1,pilot,1,6000,5640,0.057027300303336706,0.5161067008972168,0.08580997586250305,9.864412689139123e-09
sft_pilot6k_seed1,pilot,1,6000,5650,0.05712841253791709,1.2880497932434083,2.63093661487801e-05,9.327159196481138e-09
sft_pilot6k_seed1,pilot,1,6000,5660,0.05722952477249747,0.08481615781784058,60.038082122802734,8.804811011825397e-09
sft_pilot6k_seed1,pilot,1,6000,5670,0.057330637007077856,0.4500758171081543,49.662391662597656,8.297384002690866e-09
sft_pilot6k_seed1,pilot,1,6000,5680,0.05743174924165824,0.6798493385314941,3.106195435975678e-05,7.804893583331695e-09
sft_pilot6k_seed1,pilot,1,6000,5690,0.05753286147623862,0.43695802688598634,114.16820526123047,7.32735471426893e-09
sft_pilot6k_seed1,pilot,1,6000,5700,0.057633973710819006,0.2283097743988037,122.00540924072266,6.864781901836259e-09
sft_pilot6k_seed1,pilot,1,6000,5710,0.057735085945399396,0.7041738033294678,0.0005453167832456529,6.4171891977390925e-09
sft_pilot6k_seed1,pilot,1,6000,5720,0.05783619817997978,0.5174918651580811,0.07966125756502151,5.984590198627848e-09
sft_pilot6k_seed1,pilot,1,6000,5730,0.05793731041456016,0.6360816478729248,123.5301284790039,5.566998045685112e-09
sft_pilot6k_seed1,pilot,1,6000,5740,0.058038422649140546,0.4609056949615479,0.47397834062576294,5.164425424226016e-09
sft_pilot6k_seed1,pilot,1,6000,5750,0.05813953488372093,0.30336456298828124,35.3447265625,4.776884563313266e-09
sft_pilot6k_seed1,pilot,1,6000,5760,0.05824064711830131,0.7191966056823731,97.30842590332031,4.404387235385443e-09
sft_pilot6k_seed1,pilot,1,6000,5770,0.058341759352881696,0.9256385803222656,84.2489242553711,4.046944755899506e-09
sft_pilot6k_seed1,pilot,1,6000,5780,0.058442871587462086,0.36831178665161135,95.55447387695312,3.704567982987017e-09
sft_pilot6k_seed1,pilot,1,6000,5790,0.05854398382204247,0.3408912181854248,3.367747558513656e-05,3.377267317124233e-09
sft_pilot6k_seed1,pilot,1,6000,5800,0.05864509605662285,0.15861616134643555,0.7797572612762451,3.065052700816251e-09
sft_pilot6k_seed1,pilot,1,6000,5810,0.058746208291203236,0.6505805492401123,145.60430908203125,2.767933618295082e-09
sft_pilot6k_seed1,pilot,1,6000,5820,0.05884732052578362,0.4226858615875244,0.0008908484014682472,2.485919095231326e-09
sft_pilot6k_seed1,pilot,1,6000,5830,0.058948432760364,0.4189740180969238,89.50293731689453,2.2190176984600016e-09
sft_pilot6k_seed1,pilot,1,6000,5840,0.059049544994944386,0.8366899490356445,0.0035291765816509724,1.967237535720645e-09
sft_pilot6k_seed1,pilot,1,6000,5850,0.05915065722952477,0.21760623455047606,4.1151018142700195,1.73058625541056e-09
sft_pilot6k_seed1,pilot,1,6000,5860,0.05925176946410516,0.16352622509002684,0.04296461492776871,1.5090710463527834e-09
sft_pilot6k_seed1,pilot,1,6000,5870,0.05935288169868554,0.9947254180908203,0.0017357441829517484,1.3026986375776483e-09
sft_pilot6k_seed1,pilot,1,6000,5880,0.059453993933265926,0.6777656078338623,0.9110970497131348,1.1114752981183917e-09
sft_pilot6k_seed1,pilot,1,6000,5890,0.05955510616784631,1.0709290504455566,82.61702728271484,9.354068368204738e-10
sft_pilot6k_seed1,pilot,1,6000,5900,0.05965621840242669,0.012428508698940277,3.9286951505346224e-05,7.744986021656075e-10
sft_pilot6k_seed1,pilot,1,6000,5910,0.059757330637007076,0.0007950529456138611,3.820928031927906e-05,6.287554821087782e-10
sft_pilot6k_seed1,pilot,1,6000,5920,0.05985844287158746,0.6163170814514161,4.778447691933252e-05,4.981819039300284e-10
sft_pilot6k_seed1,pilot,1,6000,5930,0.05995955510616784,0.6846696853637695,1.2635838985443115,3.827818341000655e-10
sft_pilot6k_seed1,pilot,1,6000,5940,0.06006066734074823,0.22590112686157227,0.31302428245544434,2.8255877815946963e-10
sft_pilot6k_seed1,pilot,1,6000,5950,0.06016177957532862,0.40767583847045896,0.18201708793640137,1.9751578061244502e-10
sft_pilot6k_seed1,pilot,1,6000,5960,0.060262891809909,0.03364873230457306,1.1082390546798706,1.2765542483417212e-10
sft_pilot6k_seed1,pilot,1,6000,5970,0.06036400404448938,1.7042985916137696,97.6744613647461,7.297983299259236e-11
sft_pilot6k_seed1,pilot,1,6000,5980,0.06046511627906977,0.33878049850463865,143.5081329345703,3.3490665983626485e-11
sft_pilot6k_seed1,pilot,1,6000,5990,0.06056622851365015,0.03185176253318787,0.00011937695671804249,9.189123380826114e-12
sft_pilot6k_seed1,pilot,1,6000,6000,0.06066734074823053,0.5666259288787842,14.973395347595215,7.594339912486703e-14
