index,attr_1,attr_2,utility
1,1,1,1.0
1,1,2,1.3517409037263965
1,1,3,1.4915804313468803
1,2,1,1.4020834514689664
1,2,2,1.878246708807141
1,2,3,2.026173441479079
1,3,1,1.590938557791598
1,3,2,2.2619912739131642
1,3,3,2.4040819857961875
2,1,1,0.5509284572009245
2,1,2,0.7447125306253671
2,1,3,0.8217541058330262
2,2,1,0.772447672784745
2,2,2,1.0347795615258324
2,2,3,1.1162766081355568
2,3,1,0.876493325145589
2,3,2,1.2461953627389335
2,3,3,1.3244771794192285
3,1,1,0.300026861500276
3,1,2,0.4055585809065776
3,1,3,0.4475141954922324
3,2,1,0.4206626975057086
3,2,2,0.5635244651666294
3,2,3,0.6079064585021813
3,3,1,0.4773243023339887
3,3,2,0.6786581426531779
3,3,3,0.7212891729877814
4,1,1,0.5165278713101593
4,1,2,0.6982118515646666
4,1,3,0.7704428650914933
4,2,1,0.7242151805864664
4,2,2,0.9701667742954653
4,2,3,1.0465750546323684
4,3,1,0.821764106641349
4,3,2,1.1683815376365223
4,3,3,1.2417753505784055
5,1,1,0.32629793302097465
5,1,2,0.44107026286582757
5,1,3,0.48669961168302084
5,2,1,0.45749693213723786
5,2,2,0.6128680187872186
5,2,3,0.6611362058966184
5,3,1,0.5191199629707689
5,3,2,0.738083077189347
5,3,3,0.7844469827782562
6,1,1,0.7376771988508614
6,1,2,0.9971484434330201
6,1,3,1.100304874456726
6,2,1,1.0342849930347748
6,2,2,1.3855397709037014
6,2,3,1.4946619486962969
6,3,1,1.1735990988555351
6,3,2,1.6686193867653547
6,3,3,1.7734364650899481
7,1,1,1.0003845139065273
7,1,2,1.3522606669019013
7,1,3,1.4921539647654372
7,2,1,1.4026225720541683
7,2,2,1.8789689207865667
7,2,3,2.0269525333443643
7,3,1,1.5915502957914995
7,3,2,2.262861041014428
7,3,3,2.405006388752158
8,1,1,0.5633298067273673
8,1,2,0.7614759420416678
8,1,3,0.8402517161089612
8,2,1,0.789835399731653
8,2,2,1.0580723554586404
8,2,3,1.1414038931845343
8,3,1,0.8962231102758574
8,3,2,1.2742471071524943
8,3,3,1.3542910404153117
9,1,1,0.5715218578625483
9,1,2,0.7725494726465101
9,1,3,0.8524708192747901
9,2,1,0.8013213390618777
9,2,2,1.073459048541674
9,2,3,1.1580024096258765
9,3,1,0.9092561602942172
9,3,2,1.2927774553357239
9,3,3,1.3739854029761214
10,1,1,0.49578663806318013
10,1,2,0.670175078190995
10,1,3,0.7395056474582978
10,2,1,0.6951342406878188
10,2,2,0.9312096212127253
10,2,3,1.0045497186838164
10,3,1,0.7887660789325808
10,3,2,1.1214650490216578
10,3,3,1.1919117253661458
11,1,1,0.26047134860470444
11,1,2,0.3520897761577565
11,1,3,0.38851396650530867
11,2,1,0.36520256746046037
11,2,2,0.48922945325534367
11,2,3,0.527760128809091
11,3,1,0.41439391169520107
11,3,2,0.5891839176482353
11,3,3,0.6261944769966089
12,1,1,0.9573086703339195
12,1,2,1.2940332871822875
12,1,3,1.427902879428776
12,2,1,1.342226644622949
12,2,2,1.7980618593672246
12,2,3,1.9396734031282388
12,3,1,1.5230192753424383
12,3,2,2.16542385873674
12,3,3,2.301448529196277
13,1,1,1.16316073359317
13,1,2,1.57229194120629
13,1,3,1.734947788738654
13,2,1,1.6308484159694867
13,2,2,2.184702819685071
13,2,3,2.3567653865778033
13,3,1,1.850517259982535
13,3,2,2.6310594295461853
13,3,3,2.796333766216818
14,1,1,0.572366321718832
14,1,2,0.7736909689827673
14,1,3,0.8537304050378026
14,2,1,0.8025053478601368
14,2,2,1.0750451600004454
14,2,3,1.1597134398637676
14,3,1,0.9105996504038403
14,3,2,1.2946876252097728
14,3,3,1.3760155633206692
15,1,1,0.42382315416058286
15,1,2,0.5728990934251982
15,1,3,0.6321663230976375
15,2,1,0.594235430797934
15,2,2,0.7960444444183764
15,2,3,0.8587392188440666
15,3,1,0.6742765976389239
15,3,2,0.9586842763935923
15,3,3,1.0189056100807778
16,1,1,0.6712237500463005
16,1,2,0.9073205984902072
16,1,3,1.0011842106243314
16,2,1,0.9411117121728598
16,2,2,1.260723799397651
16,2,3,1.3600157356338058
16,3,1,1.0678757448541294
16,3,2,1.5183022654480027
16,3,3,1.613676925924874
17,1,1,0.5437323483014823
17,1,2,0.7349852558783215
17,1,3,0.811020530616777
17,2,1,0.7623581275818685
17,2,2,1.0212634936692373
17,2,3,1.1016960434015157
17,3,1,0.8650447580313991
17,3,2,1.2299178272022664
17,3,3,1.3071771436462518
18,1,1,1.1303613947996343
18,1,2,1.5279557333438878
18,1,3,1.6860249368330997
18,2,1,1.5848610058279464
18,2,2,2.1230975695450627
18,2,3,2.290308237416267
18,3,1,1.7983355272258292
18,3,2,2.556867611405086
18,3,3,2.717481466677253
19,1,1,0.3180854536918232
19,1,2,0.429969118635606
19,1,3,0.4744500382228177
19,2,1,0.4459823507743036
19,2,2,0.5974429565160932
19,2,3,0.6444962983911957
19,3,1,0.5060544129509553
19,3,2,0.7195065206096141
19,3,3,0.7647035091643196
20,1,1,0.49800332762594457
20,1,2,0.6731714681438471
20,1,3,0.7428120182324881
20,2,1,0.6982422244408149
20,2,2,0.9353731110884348
20,2,3,1.0090411162038935
20,3,1,0.7922926958286369
20,3,2,1.1264791814696054
20,3,3,1.1972408288120904
21,1,1,0.2815839252378478
21,1,2,0.3806285095758345
21,1,3,0.4200050726666167
21,2,1,0.3948041617756611
21,2,2,0.5288840808309837
21,2,3,0.5705378708643578
21,3,1,0.4479827239151988
21,3,2,0.6369403817622286
21,3,3,0.6769508421540904
22,1,1,0.3572192000087775
22,1,2,0.48286780424828535
22,1,3,0.5328211684344798
22,2,1,0.5008511288792898
22,2,2,0.6709457867392062
22,2,3,0.7237880558441883
22,3,1,0.5683137988774329
22,3,2,0.8080267132940961
22,3,3,0.8587842437216273
23,1,1,0.5747035996265862
23,1,2,0.7768503631340549
23,1,3,0.8572166430276282
23,2,1,0.805782406536083
23,2,2,1.0794351445382524
23,2,3,1.164449170285815
23,3,1,0.9143181159475611
23,3,2,1.299974527441823
23,3,3,1.3816345710345006
24,1,1,0.529917741075244
24,1,2,0.7163114862217009
24,1,3,0.7904149328113768
24,2,1,0.7429888954014162
24,2,2,0.9953162531130918
24,2,3,1.0737052531352467
24,3,1,0.8430665667344301
24,3,2,1.1986693062039775
24,3,3,1.2739656952728025
25,1,1,0.5129858125714175
25,1,2,0.6934239058841078
25,1,3,0.7651595995901048
25,2,1,0.7192489186447455
25,2,2,0.963513914127022
25,2,3,1.039398229287771
25,3,1,0.8161289088199221
25,3,2,1.1603694316778006
25,3,3,1.2332599509719644
26,1,1,0.6221018958284782
26,1,2,0.8409205788770917
26,1,3,0.9279150141215534
26,2,1,0.8722387732685801
26,2,2,1.1684608383825221
26,2,3,1.2604863392214474
26,3,1,0.9897258929487781
26,3,2,1.4071890598488541
26,3,3,1.495583961090901
27,1,1,0.993724543445822
27,1,2,1.3432581124125562
27,1,3,1.4822200831529007
27,2,1,1.393284737683941
27,2,2,1.866459853187994
27,2,3,2.0134582780758477
27,3,1,1.58095469199181
27,3,2,2.2477962459477925
27,3,3,2.3889952737416413
28,1,1,0.8393297939107004
28,1,2,1.1345564141453404
28,1,3,1.2519278960436107
28,2,1,1.1768104143670512
28,2,2,1.576468423016549
28,2,3,1.7006277370639702
28,3,1,1.3353221318358088
28,3,2,1.898556669761339
28,3,3,2.0178176376827417
29,1,1,0.5977057219002959
29,1,2,0.8079432726839444
29,1,3,0.8915261584905418
29,2,1,0.8380333015247172
29,2,2,1.1226388049944274
29,2,3,1.21105545953446
29,3,1,0.9509130791838428
29,3,2,1.352005127306438
29,3,3,1.4369335588278074
30,1,1,1.1420407458778563
30,1,2,1.5437431899253014
30,1,3,1.7034456283522057
30,2,1,1.6012364306986178
30,2,2,2.1450342722687363
30,2,3,2.3139726283846707
30,3,1,1.8169166571861575
30,3,2,2.583286201628993
30,3,3,2.7455595842101963
31,1,1,0.7451208194447325
31,1,2,1.0072102898615758
31,1,3,1.111407633272915
31,2,1,1.0447215702884551
31,2,2,1.3995207267857488
31,2,3,1.5097440150520451
31,3,1,1.1854414418678965
31,3,2,1.6854567915950114
31,3,3,1.7913315392687752
32,1,1,0.6276769284685504
32,1,2,0.8484565785362871
32,1,3,0.9362306237116053
32,2,1,0.8800554342746247
32,2,2,1.17893212509023
32,2,3,1.2717823222921405
32,3,1,0.9985954273368156
32,3,2,1.4197997350324785
32,3,3,1.5089867966311243
33,1,1,0.7671064805011273
33,1,2,1.0369292072069691
33,1,3,1.1442010150748585
33,2,1,1.075547301825232
33,2,2,1.4408152223058717
33,2,3,1.5542907775778732
33,3,1,1.220419277761052
33,3,2,1.7351881650557888
33,3,3,1.8441868709602744
34,1,1,1.0239845719000933
34,1,2,1.3841618306221195
34,1,3,1.5273553494472916
34,2,1,1.435711822820655
34,2,2,1.9232956520406395
34,2,3,2.0747703440682934
34,3,1,1.6290965380195814
34,3,2,2.316244166259718
34,3,3,2.461742863038235
35,1,1,0.2228358850365647
35,1,2,0.3012163806219974
35,1,3,0.332377645522403
35,2,1,0.31243450680320844
35,2,2,0.4185407676740541
35,2,3,0.45150415206957273
35,3,1,0.3545182015642866
35,3,2,0.5040528274674264
35,3,3,0.5357157370053555
36,1,1,1.173093105090362
36,1,2,1.5857179340300507
36,1,3,1.7497627197007333
36,2,1,1.644774429679542
36,2,2,2.203358263760322
36,2,3,2.376890093916318
36,3,1,1.866319052767728
36,3,2,2.653526367202098
36,3,3,2.820212001609453
37,1,1,0.16664235164517582
37,1,2,0.22525728301194195
37,1,3,0.24856047074756987
37,2,1,0.23364648355557333
37,2,2,0.31299544852543376
37,2,3,0.33764630712907284
37,3,1,0.2651177425933764
37,3,2,0.3769435452857568
37,3,3,0.4006218756608809
38,1,1,0.24075941310068136
38,1,2,0.3254443466453519
38,1,3,0.3591120292435361
38,2,1,0.33756478889384606
38,2,2,0.45220557527069366
38,2,3,0.48782032861069086
38,3,1,0.3830334334531496
38,3,2,0.544595691546196
38,3,3,0.5788053679462107
39,1,1,0.4939215253400712
39,1,2,0.6676539290331082
39,1,3,0.7367236818182525
39,2,1,0.6925191970036237
39,2,2,0.9277064793789918
39,2,3,1.0007706768188884
39,3,1,0.7857987991867592
39,3,2,1.117246180317121
39,3,3,1.1874278414670405
40,1,1,0.4697379936668896
40,1,2,0.6349640600739057
40,1,3,0.7006519992136773
40,2,1,0.6586118674465801
40,2,2,0.8822838406065051
40,2,3,0.9517706472215196
40,3,1,0.7473242861843201
40,3,2,1.0625432426999817
40,3,3,1.129288648618613
41,1,1,1.047998002619908
41,1,2,1.416621767164893
41,1,3,1.5631733127984715
41,2,1,1.4693806566459038
41,2,2,1.9683987992573002
41,2,3,2.1234257196315807
41,3,1,1.667300430856592
41,3,2,2.370562337004658
41,3,3,2.5194731192489073
42,1,1,1.031205050167069
42,1,2,1.393922046440058
42,1,3,1.5381252735352782
42,2,1,1.4458355359104729
42,2,2,1.9368574915816001
42,2,3,2.0894002853676166
42,3,1,1.6405838753002093
42,3,2,2.332576825093097
42,3,3,2.4791014847687047
43,1,1,0.5641144006618551
43,1,2,0.7625365097557306
43,1,3,0.8414220010681966
43,2,1,0.7909354659033213
43,2,2,1.0595460164338424
43,2,3,1.1429936165769392
43,3,1,0.8974713510184434
43,3,2,1.276021851785871
43,3,3,1.356177268559379
44,1,1,0.45251079489733587
44,1,2,0.6116773508404748
44,1,3,0.6749562466420879
44,2,1,0.6344578971366223
44,2,2,0.8499269112156244
44,2,3,0.9168653546035688
44,3,1,0.7199168714190971
44,3,2,1.0235754694092833
44,3,3,1.0878730503909986
45,1,1,1.1627588263268136
45,1,2,1.5717486667148513
45,1,3,1.7343483117249407
45,2,1,1.6302849084423034
45,2,2,2.183947938684792
45,2,3,2.355951052748775
45,3,1,1.8498778502158322
45,3,2,2.630150318816765
45,3,3,2.795367548197811
46,1,1,0.5075543450281221
46,1,2,0.6860819690385731
46,1,3,0.7570581288890297
46,2,1,0.7116335478851001
46,2,2,0.9533122780898345
46,2,3,1.0283931340032901
46,3,1,0.8074877776798998
46,3,2,1.1480834994903237
46,3,3,1.2202022576946912
47,1,1,0.9559422841320718
47,1,2,1.2921862870629626
47,1,3,1.4258648045084377
47,2,1,1.3403108571410227
47,2,2,1.795495448980645
47,2,3,1.9369048676952518
47,3,1,1.5208454388490844
47,3,2,2.1623331050713652
47,3,3,2.2981636247427746
48,1,1,0.3168728055330997
48,1,2,0.4283299325176309
48,1,3,0.47264127595915695
48,2,1,0.44428211685850305
48,2,2,0.5951653041030297
48,2,3,0.6420392628981316
48,3,1,0.5041251642382072
48,3,2,0.7167635210562546
48,3,3,0.7617882035708236
49,1,1,0.33786480118943885
49,1,2,0.4567056716971514
49,1,3,0.5039525258950711
49,2,1,0.4737146465815646
49,2,2,0.6345934508558426
49,2,3,0.6845726869806502
49,3,1,0.5375221395328709
49,3,2,0.7642472320529168
49,3,3,0.8122546821741403
50,1,1,0.389059624795567
50,1,2,0.5259078088246125
50,1,3,0.5803137229722272
50,2,1,0.5454940615605897
50,2,2,0.7307499598020148
50,2,3,0.7883022789125933
50,3,1,0.6189699583671996
50,3,2,0.8800494763195024
50,3,3,0.9353312353716464
51,1,1,0.2597052356861752
51,1,2,0.35105418998890736
51,1,3,0.3873712474678284
51,2,1,0.364128413215434
51,2,2,0.4877905041875415
51,2,3,0.526207851160393
51,3,1,0.4131750731134907
51,3,2,0.5874509769116901
51,3,3,0.624352678730087
52,1,1,0.3504220338166683
52,1,2,0.4736797966769851
52,1,3,0.5226826483537171
52,2,1,0.4913209346444492
52,2,2,0.658179031709662
52,2,3,0.7100158182284171
52,3,1,0.5574999250986888
52,3,2,0.7926515826802075
52,3,3,0.8424432989247147
53,1,1,0.4475990969877695
53,1,2,0.6050380078693666
53,1,3,0.6676300541554914
53,2,1,0.6275712867790045
53,2,2,0.8407015307823265
53,2,3,0.9069134027466371
53,3,1,0.7121026618305436
53,3,2,1.0124652515977468
53,3,3,1.0760649259269373
54,1,1,0.8435333332448327
54,1,2,1.1402385102037098
54,1,3,1.2581978130567992
54,2,1,1.182704127305037
54,2,2,1.5843637069362244
54,2,3,1.7091448368230016
54,3,1,1.3420097046416737
54,3,2,1.908065039054697
54,3,3,2.027923290872515
55,1,1,0.3800279790094304
55,1,2,0.5136993637875236
55,1,3,0.5668422968547694
55,2,1,0.5328309404643181
55,2,2,0.713786300829092
55,2,3,0.770002598087877
55,3,1,0.6046011648457189
55,3,2,0.8596199723621868
55,3,3,0.9136184184351034
56,1,1,0.3795793283995894
56,1,2,0.5130929044067197
56,1,3,0.5661730983846187
56,2,1,0.5322018948687687
56,2,2,0.7129436242977538
56,2,3,0.7690935541377137
56,3,1,0.6038873892915462
56,3,2,0.8586051285976907
56,3,3,0.9125398255860683
57,1,1,0.2977972181834505
57,1,2,0.4025446808345043
57,1,3,0.4441885031519721
57,2,1,0.41753655150850916
57,2,2,0.559336644944988
57,2,3,0.6033888144296581
57,3,1,0.47377707681112863
57,3,2,0.6736147089265798
57,3,3,0.7159289276550502
58,1,1,0.2345623574064262
58,1,2,0.31706753298075663
58,1,3,0.34986862223801835
58,2,1,0.32887599965709935
58,2,2,0.44056597580866436
58,2,3,0.4752640189476244
58,3,1,0.3731742986043771
58,3,2,0.530578005641837
58,3,3,0.5639071379866762
59,1,1,0.4527440926555166
59,1,2,0.6119927089629554
59,1,3,0.6753042290128674
59,2,1,0.6347850000626323
59,2,2,0.8503651019620994
59,2,3,0.9173380563251512
59,3,1,0.7202880338180332
59,3,2,1.0241031869025117
59,3,3,1.0884339173287676
60,1,1,0.274826491621465
60,1,2,0.3714942101523541
60,1,3,0.40992581691829455
60,2,1,0.38532967592773065
60,2,2,0.51619195338103
60,2,3,0.5568461383382851
60,3,1,0.4372320622231783
60,3,2,0.6216551258879233
60,3,3,0.660705417726731
61,1,1,0.4090619203089091
61,1,2,0.55294572983842
61,1,3,0.6101487555419458
61,2,1,0.5735389490912386
61,2,2,0.7683192055185375
61,2,3,0.8288303988503432
61,3,1,0.6507923815437174
61,3,2,0.9252944942289146
61,3,3,0.9834183936898441
62,1,1,0.44673749785054384
62,1,2,0.6038733490729633
62,1,3,0.6663449097427402
62,2,1,0.6263632528869005
62,2,2,0.8390832350385213
62,2,3,0.9051676534575892
62,3,1,0.7107319105417714
62,3,2,1.0105163218677313
62,3,3,1.0739935709621555
63,1,1,0.4199946230704023
63,1,2,0.5677239113494129
63,1,3,0.626455761042721
63,2,1,0.5888675107129573
63,2,2,0.7888535184986789
63,2,3,0.8509819508292658
63,3,1,0.6681856399078516
63,3,2,0.9500241724756986
63,3,3,1.0097015074548141
64,1,1,0.572486027480028
64,1,2,0.7738527801565878
64,1,3,0.8539089558087221
64,2,1,0.8026731853269552
64,2,2,1.075269996952437
64,2,3,1.159955984497895
64,3,1,0.9107900949149168
64,3,2,1.2949583985970354
64,3,3,1.3763033457847564
65,1,1,0.5445258407368189
65,1,2,0.7360578520599634
65,1,3,0.812204088405747
65,2,1,0.7634706701943198
65,2,2,1.0227538682243715
65,2,3,1.1033037967000092
65,3,1,0.866307155742092
65,3,2,1.231712700166914
65,3,3,1.3090847645159103
66,1,1,1.0862913026199614
66,1,2,1.468384387113631
66,1,3,1.6202908497302464
66,2,1,1.523071058878115
66,2,2,2.0403230639517647
66,2,3,2.201014587078279
66,3,1,1.7282227183317578
66,3,2,2.457181447454117
66,3,3,2.6115333519557242
67,1,1,0.5536869356874613
67,1,2,0.7484412788276681
67,1,3,0.8258685983638359
67,2,1,0.7763152898219514
67,2,2,1.0399606646644852
67,2,3,1.121865763983869
67,3,1,0.8808818949306589
67,3,2,1.252435017004757
67,3,3,1.3311087878569179
68,1,1,0.2911493247362993
68,1,2,0.3935584513383753
68,1,3,0.43427263537652216
68,2,1,0.40821565011912947
68,2,2,0.5468502609573757
68,2,3,0.5899190292852575
68,3,1,0.46320068679796567
68,3,2,0.6585772319592192
68,3,3,0.6999468467752614
69,1,1,0.2923758315384275
69,1,2,0.3952163707515107
69,1,3,0.4361020689214905
69,2,1,0.40993531500950753
69,2,2,0.5491539433218026
69,2,3,0.5924041447935231
69,3,1,0.4651519837608651
69,3,2,0.6613515796430284
69,3,3,0.7028954696837144
70,1,1,0.7134287834579561
70,1,2,0.9643708684958814
70,1,3,1.0641364125654982
70,2,1,1.000286691088037
70,2,2,1.3399952644981887
70,2,3,1.44553045342924
70,3,1,1.135021359841615
70,3,2,1.6137696827403814
70,3,3,1.7151412864597615
71,1,1,0.28320183433838114
71,1,2,0.3828155034855366
71,1,3,0.4224183142206703
71,2,1,0.3970726053514999
71,2,2,0.5319229132742096
71,2,3,0.5738160353145858
71,3,1,0.4505567178862392
71,3,2,0.6406000780296197
71,3,3,0.6808404282773383
72,1,1,0.425830989371026
72,1,2,0.5756131664070963
72,1,3,0.6351611708069037
72,2,1,0.5970505833197729
72,2,2,0.7998156542942182
72,2,3,0.8628074412223329
72,3,1,0.6774709400929094
72,3,2,0.9632259821190703
72,3,3,1.0237326105406515
73,1,1,0.37575644054135315
73,1,2,0.5079253505183827
73,1,3,0.5604709536640399
73,2,1,0.526841887065914
73,2,2,0.7057632977598828
73,2,3,0.7613477202896025
73,3,1,0.5978054095957647
73,3,2,0.8499577896212116
73,3,3,0.9033492897523634
74,1,1,0.9729339032377443
74,1,2,1.3151545536286389
74,1,3,1.4512091710633583
74,2,1,1.36413452510275
74,2,2,1.8274099016431786
74,2,3,1.9713328350548938
74,3,1,1.5478780608436071
74,3,2,2.2007679992180527
74,3,3,2.339012870144232
75,1,1,0.378966726738643
75,1,2,0.5122648256839276
75,1,3,0.5652593537349404
75,2,1,0.5313429762176133
75,2,2,0.7117930072442714
75,2,3,0.7678523169220981
75,3,1,0.6029127776885793
75,3,2,0.8572194289862451
75,3,3,0.9110670809685181
76,1,1,0.4912044218755923
76,1,2,0.6639811091405153
76,1,3,0.732670903460691
76,2,1,0.6887095912001489
76,2,2,0.9226030887393458
76,2,3,0.9952653539414105
76,3,1,0.7814760545196106
76,3,2,1.1111001159901506
76,3,3,1.1808957019745423
77,1,1,0.34206597881999584
77,1,2,0.4623845753441957
77,1,3,0.5102189202374222
77,2,1,0.4796050482140502
77,2,2,0.6424842989135504
77,2,3,0.6930850015186208
77,3,1,0.5442059550134556
77,3,2,0.773750259193396
77,3,3,0.8223546576348923
78,1,1,0.7809634415759266
78,1,2,1.05566022829312
78,1,3,1.1648697870519646
78,2,1,1.0949759176358578
78,2,2,1.4668420138386822
78,2,3,1.582367384087241
78,3,1,1.2424648514287675
78,3,2,1.7665324900899393
78,3,3,1.8775001414580785
79,1,1,0.5903494849960156
79,1,2,0.7979995463629269
79,1,3,0.8805537394757655
79,2,1,0.8277192434961403
79,2,2,1.108821977239757
79,2,3,1.1961504476897789
79,3,1,0.9392097582525737
79,3,2,1.3353653836201178
79,3,3,1.4192485622029778
80,1,1,0.24578055598587994
80,1,2,0.3322316308667296
80,1,3,0.3666014677140948
80,2,1,0.3446048502406441
80,2,2,0.4616365203692683
80,2,3,0.49799403497055184
80,3,1,0.391021763273393
80,3,2,0.5559534729375863
80,3,3,0.5908766071046253
81,1,1,1.0798070956028603
81,1,2,1.4596194192603857
81,1,3,1.610619133430736
81,2,1,1.5139796595235384
81,2,2,2.02814412346267
81,2,3,2.1878764590311763
81,3,1,1.7179067433715487
81,3,2,2.442514227763188
81,3,3,2.595944786673738
82,1,1,0.46219843829440455
82,1,2,0.6247725346810076
82,1,3,0.6894061459590223
82,2,1,0.6480407816273849
82,2,2,0.8681226955422658
82,2,3,0.9364942003652295
82,3,1,0.7353293168336289
82,3,2,1.0454888342382351
82,3,3,1.1111629393667088
83,1,1,1.919155067172805
83,1,2,2.594200404891261
83,1,3,2.862574142915163
83,2,1,2.690815560485803
83,2,2,3.6046466886078683
83,2,3,3.8885410271855356
83,3,1,3.0532577947463397
83,3,2,4.341112015231118
83,3,3,4.613806124939613
84,1,1,0.26199753595949943
84,1,2,0.35415278603198286
84,1,3,0.3907903976982899
84,2,1,0.3673424094944596
84,2,2,0.49209600963151034
84,2,3,0.5308524490940977
84,3,1,0.4168219820043584
84,3,2,0.5926361401271382
84,3,3,0.6298635565232215
85,1,1,0.3421962657711027
85,1,2,0.46256068954522855
85,1,3,0.510413253704153
85,2,1,0.47978772139213943
85,2,2,0.6427290099506674
85,2,3,0.6933489854787247
85,3,1,0.5444132335475486
85,3,2,0.7740449671399043
85,3,3,0.8226678781470326
86,1,1,0.5206187400744082
86,1,2,0.7037416462050786
86,1,3,0.7765447248874552
86,2,1,0.729950919982951
86,2,2,0.9778504350880778
86,2,3,1.0548638642750658
86,3,1,0.8282724274932579
86,3,2,1.1776350470839774
86,3,3,1.2516101344807926
87,1,1,1.274300359051793
87,1,2,1.7225239189635424
87,1,3,1.9007214792199576
87,2,1,1.7866754456274812
87,2,2,2.3934504554207883
87,2,3,2.5819535439779977
87,3,1,2.027333575423175
87,3,2,2.8824562925195676
87,3,3,3.063522537690029
88,1,1,1.120518326757838
88,1,2,1.5146504556536298
88,1,3,1.6713432091575406
88,2,1,1.5710602030148608
88,2,2,2.104609859390994
88,2,3,2.2703644743673084
88,3,1,1.7826758107511693
88,3,2,2.5346026773860095
88,3,3,2.693817924113005
89,1,1,1.3714455506169085
89,1,2,1.8538390480024456
89,1,3,2.0456213459579278
89,2,1,1.9228811111107125
89,2,2,2.575913091754406
89,2,3,2.778786551094632
89,3,1,2.1818856063881684
89,3,2,3.1021978681424818
89,3,3,3.2970675427384433
90,1,1,0.37908326934412256
90,1,2,0.5124223610907812
90,1,3,0.565433186404692
90,2,1,0.5315063786761473
90,2,2,0.7120119030094493
90,2,3,0.7680884524541216
90,3,1,0.6030981898132622
90,3,2,0.8574830473428791
90,3,3,0.9113472589469293
91,1,1,0.48732536907569357
91,1,2,0.6587376348031778
91,1,3,0.7268849842122006
91,2,1,0.6832708354620364
91,2,2,0.9153172705846468
91,2,3,0.9874057201801605
91,3,1,0.7753047198525422
91,3,2,1.1023257324057312
91,3,3,1.1715701410163535
92,1,1,1.1783561806363936
92,1,2,1.592832248525024
92,1,3,1.7576130201938944
92,2,1,1.652153700806464
92,2,2,2.2132436180828594
92,2,3,2.387553997808185
92,3,1,1.87469228258648
92,3,2,2.665431398161167
92,3,3,2.8328648667195524
93,1,1,1.0926529629058455
93,1,2,1.4769837035376725
93,1,3,1.6297797777235479
93,2,1,1.5319906374888206
93,2,2,2.0522718314462756
93,2,3,2.21390441419325
93,3,1,1.7383437289721424
93,3,2,2.471571467508387
93,3,3,2.6268273048487734
94,1,1,0.37168645240595355
94,1,2,0.5024237810780819
94,1,3,0.5544002390054639
94,2,1,0.5211354240535951
94,2,2,0.6981188559396844
94,2,3,0.7531012184225209
94,3,1,0.5913303085414032
94,3,2,0.8407515119740077
94,3,3,0.893564704593645
95,1,1,0.4720260331210875
95,1,2,0.6380568965934847
95,1,3,0.7040647940897085
95,2,1,0.661819889701619
95,2,2,0.8865813431809731
95,2,3,0.9564066119966717
95,3,1,0.750964416373752
95,3,2,1.0677187679797462
95,3,3,1.1347892830532411
96,1,1,1.03433575698797
96,1,2,1.3981539509074454
96,1,3,1.5427949745656184
96,2,1,1.4502250481354595
96,2,2,1.9427377313641978
96,2,3,2.095743640381184
96,3,1,1.6455646374947221
96,3,2,2.3396584566031557
96,3,3,2.4866279606396424
97,1,1,0.3102402039790807
97,1,2,0.4193643736989442
97,1,3,0.46274821727226134
97,2,1,0.4349826559794257
97,2,2,0.5827076420633645
97,2,3,0.6286004617814654
97,3,1,0.4935731026874499
97,3,2,0.7017606342177207
97,3,3,0.7458428856558427
98,1,1,1.2421325613727607
98,1,2,1.6790413910579993
98,1,3,1.8527406216823874
98,2,1,1.7415735088315083
98,2,2,2.333031395300572
98,2,3,2.5167760066498697
98,3,1,1.9761565857763634
98,3,2,2.8096930148685924
98,3,3,2.986188514767131
99,1,1,0.6656026620559754
99,1,2,0.8997223439302395
99,1,3,0.9927999057750836
99,2,1,0.9332304777223741
99,2,2,1.2501660093799076
99,2,3,1.3486264364355922
99,3,1,1.058932939233582
99,3,2,1.5055874134639893
99,3,3,1.600163369546758
100,1,1,0.6002024644117767
100,1,2,0.8113182216627854
100,1,3,0.8952502507627785
100,2,1,0.8415339428826435
100,2,2,1.1273283033993549
100,2,3,1.2161142929014341
100,3,1,0.9548852431142351
100,3,2,1.3576527370806155
100,3,3,1.44293593252283
