seed,step,model_name,on_selection_grid,selected,exploratory,lambda,eta,d,rss,log10_cond_jacobian,spearman_alpha,spearman_beta,spearman_utility
base,0,Qwen-7B-Base-Local,False,False,False,7.63679813,1.00702456,7.70290751228487,49.95144776439565,2.109344778499684,1.0,1.0,1.0
seed1,2000,Qwen-7B-GRPO-qd-seed1-ckpt2000,True,True,False,0.03175071,0.09098552,0.0963663449300351,1687.3908194917785,1.9879701590967687,0.7824118738404453,0.9761904761904763,0.791973125892748
seed1,4000,Qwen-7B-GRPO-qd-seed1-ckpt4000,True,False,False,0.05025486,1.14314243,1.1442465495774607,1491.1419579619467,17.156499347922274,0.8165615337043908,0.9761904761904763,0.8227235177656599
seed1,6000,Qwen-7B-GRPO-qd-seed1-ckpt6000,True,False,False,0.08315229,0.98334883,0.9868582597286263,1573.1880026323397,16.996962167684437,0.8284230055658626,0.9761904761904763,0.8348788414142075
seed1,8000,Qwen-7B-GRPO-qd-seed1-ckpt8000,True,False,False,0.16292992,1.3397448,1.349615607481718,1180.991555445793,16.79171673215592,0.857377860235003,0.9761904761904763,0.8553496156579617
seed1,10000,Qwen-7B-GRPO-qd-seed1-ckpt10000,True,False,False,-0.10498766,0.91666693,0.922659563060992,1282.0332060452824,17.551851773203268,0.8658627087198515,0.9761904761904763,0.8492486863152506
seed1,12000,Qwen-7B-GRPO-qd-seed1-ckpt12000,True,False,False,-0.05558673,0.76031616,0.7623454254530806,1195.7400575459988,18.20111426847046,0.893147804576376,0.9761904761904763,0.8696312479224275
seed1,14000,Qwen-7B-GRPO-qd-seed1-ckpt14000,True,False,False,-0.03484524,0.96034803,0.9609799839099348,1230.6630882926916,16.7230010471781,0.9048484848484848,0.9285714285714287,0.8840241616879594
seed1,16000,Qwen-7B-GRPO-qd-seed1-ckpt16000,True,False,False,0.30768435,0.85257063,0.906391934194871,1192.6754878209092,16.411045505353137,0.9253679653679653,0.9285714285714287,0.9076709312809852
seed1,18000,Qwen-7B-GRPO-qd-seed1-ckpt18000,True,False,False,0.20738535,0.63388015,0.6669428221059471,1192.8635949386803,16.728114609688728,0.9282745825602967,0.9285714285714287,0.9082177343682113
seed1,20000,Qwen-7B-GRPO-qd-seed1-ckpt20000,True,False,False,0.18741158,0.59697018,0.62569680846823,1244.245791020699,17.404609944976098,0.9332838589981446,0.9285714285714287,0.9097946770831398
seed1,22000,Qwen-7B-GRPO-qd-seed1-ckpt22000,True,False,False,0.16594159,0.62124962,0.6430300938850937,1221.8381372674735,17.68428885837142,0.9395670995670996,0.9285714285714287,0.9128488329503401
seed1,24000,Qwen-7B-GRPO-qd-seed1-ckpt24000,True,False,False,0.2001426,0.54279293,0.5785164001069847,1214.8614429259785,16.99617402343336,0.9406926406926407,0.9285714285714287,0.9152338330596808
seed1,26000,Qwen-7B-GRPO-qd-seed1-ckpt26000,True,False,False,0.21957647,0.64893156,0.6850737155530742,1186.4111554941417,16.809075096265573,0.9423623995052566,0.9285714285714287,0.9173348694677875
seed1,28000,Qwen-7B-GRPO-qd-seed1-ckpt28000,True,False,False,0.03941361,0.7099579,0.7110510898842939,1232.6133737127764,16.95020092079381,0.9408286951144094,0.9285714285714287,0.9104569594118841
seed1,30000,Qwen-7B-GRPO-qd-seed1-ckpt30000,True,False,False,0.08956642,0.6627938,0.6688181852417414,1223.775196365607,17.1304649442212,0.9413358070500928,0.9285714285714287,0.9132524920414558
seed2,2000,Qwen-7B-GRPO-qd-seed2-ckpt2000,True,False,False,0.83959365,0.48515638,0.9696876869255517,1233.089341341328,1.7366757465535776,0.8322943722943723,0.9761904761904763,0.8424531388310358
seed2,4000,Qwen-7B-GRPO-qd-seed2-ckpt4000,True,False,False,0.30890773,0.83224277,0.8877229375604901,1471.2723716240973,1.9749941124661725,0.8215584415584415,0.9761904761904763,0.8328469541320422
seed2,6000,Qwen-7B-GRPO-qd-seed2-ckpt6000,True,True,False,-0.04242123,0.65850618,0.6598711615557278,1612.6037842683324,16.533846482691764,0.8269016697588125,0.9761904761904763,0.8303440564123943
seed2,8000,Qwen-7B-GRPO-qd-seed2-ckpt8000,True,False,False,-0.01917745,0.88688694,0.8870942559452553,1315.7693950745847,17.218721782411052,0.8461842918985777,0.9761904761904763,0.8453329906551372
seed2,10000,Qwen-7B-GRPO-qd-seed2-ckpt10000,True,False,False,0.03122393,0.83418269,0.8347668501445664,1260.861721880394,16.88990621358245,0.8731972789115645,0.9761904761904763,0.8678504382601226
seed2,12000,Qwen-7B-GRPO-qd-seed2-ckpt12000,True,False,False,0.39738541,0.85817801,0.9457191236981667,1116.9970015367967,16.216466539564134,0.8987012987012986,0.9285714285714287,0.8894696031985997
seed2,14000,Qwen-7B-GRPO-qd-seed2-ckpt14000,True,False,False,-0.01508069,1.01925471,1.0193662693399563,1166.158136785365,18.088561428941,0.9052071737786023,0.9285714285714287,0.8803104859800239
seed2,16000,Qwen-7B-GRPO-qd-seed2-ckpt16000,True,False,False,0.02922679,0.80363931,0.8041705949803065,1139.7657695924881,17.62846940330617,0.9257513914656771,0.9285714285714287,0.8979018492615423
seed2,18000,Qwen-7B-GRPO-qd-seed2-ckpt18000,True,False,False,0.18775051,0.78026879,0.8025394935162532,1206.7453006486412,17.358829479349186,0.9358194186765616,0.9285714285714287,0.9130085704100404
seed2,20000,Qwen-7B-GRPO-qd-seed2-ckpt20000,True,False,False,-0.01848645,0.75528523,0.7555114343871676,1235.8348242789089,16.854670523147202,0.9389486703772417,0.9285714285714287,0.9093894848429854
seed2,22000,Qwen-7B-GRPO-qd-seed2-ckpt22000,True,False,False,0.00091784,0.77219425,0.7721947954780115,1192.2719142408744,16.904991158900103,0.9437600494743351,0.9285714285714287,0.9145494015018825
seed2,24000,Qwen-7B-GRPO-qd-seed2-ckpt24000,True,False,False,0.03515542,0.77460069,0.7753980477818166,1217.4414794867985,18.23947118626557,0.9472356215213357,0.9285714285714287,0.9173587495062776
seed2,26000,Qwen-7B-GRPO-qd-seed2-ckpt26000,True,False,False,0.07467805,0.82248346,0.8258667284286092,1168.49639061129,17.054987977501227,0.9505504019789733,0.9285714285714287,0.9195579844213199
seed2,28000,Qwen-7B-GRPO-qd-seed2-ckpt28000,True,False,False,0.0159873,0.79372284,0.7938838331260788,1182.3135133787664,17.621522092569098,0.9486703772418058,0.9285714285714287,0.9179096523542436
seed2,30000,Qwen-7B-GRPO-qd-seed2-ckpt30000,True,False,False,4.175e-05,0.78326865,0.783268651112685,1185.7353706800545,17.438597477094532,0.949016697588126,0.9285714285714287,0.9169451568600537
seed42,5000,Qwen-7B-GRPO-qd-ckpt5000,False,False,True,0.22600387,0.56584163,0.6093065726676792,1685.2529780131863,2.0500479064923685,0.8105380333951762,0.9761904761904763,0.8221285705290995
seed42,8000,Qwen-7B-GRPO-qd-ckpt8000,True,False,True,0.11099538,0.50408026,0.5161558707435303,1527.9705867082546,16.708375101031564,0.84295609152752,0.9761904761904763,0.839244759188575
seed42,10000,Qwen-7B-GRPO-qd-ckpt10000,True,False,True,0.1308686,0.65000052,0.6630439400720214,1391.5585565959307,17.028751643071097,0.8672232529375385,0.9761904761904763,0.8563217979281457
seed42,12000,Qwen-7B-GRPO-qd-ckpt12000,True,False,True,0.43034764,0.71652039,0.8358232830804139,1185.2047501641384,16.74438035620141,0.8974397031539888,0.9761904761904763,0.8844611248491254
seed42,15000,Qwen-7B-GRPO-qd-ckpt15000,False,False,True,0.6726516,0.57628051,0.8857535781403427,1110.5682681395554,17.293929329763923,0.92430426716141,0.9761904761904763,0.9098570129216971
seed42,20000,Qwen-7B-GRPO-qd-ckpt20000,True,False,True,-0.08262746,1.2634412,1.2661401829985064,1059.7804359118625,16.877065101781884,0.9581570810142238,0.9285714285714287,0.9147839441777089
seed42,30000,Qwen-7B-GRPO-qd-ckpt30000,True,False,True,0.59330876,0.8152474,1.0082874629288503,946.9402219189923,16.442201713112294,0.9834755720470005,0.9047619047619048,0.9591914191787017
